-- Generated by scripts/seed-demo-data.ts

PRAGMA foreign_keys = ON;

DELETE FROM student_exam_answers WHERE id LIKE 'seed_demo_%';

DELETE FROM student_exam_submissions WHERE id LIKE 'seed_demo_%';

DELETE FROM student_exam_sessions WHERE id LIKE 'seed_demo_%';

DELETE FROM announced_exam_grades WHERE id LIKE 'seed_demo_%';

DELETE FROM announced_exams WHERE id LIKE 'seed_demo_%';

DELETE FROM choices WHERE id LIKE 'seed_demo_%';

DELETE FROM questions WHERE id LIKE 'seed_demo_%';

DELETE FROM students WHERE id LIKE 'seed_demo_%';

DELETE FROM classrooms WHERE id LIKE 'seed_demo_%';

DELETE FROM exams WHERE id LIKE 'seed_demo_%';

INSERT OR IGNORE INTO teachers (id, firstName, lastName, email, phone) VALUES ('user_3BkRu7sUOCzK9XnUI9pl6hmmK3w', 'Seed', 'Teacher', 'seed.teacher@pinequest.test', '99000000');

INSERT INTO classrooms (id, teacherId, className, classCode, createdAt) VALUES
('seed_demo_classroom_9a', 'user_3BkRu7sUOCzK9XnUI9pl6hmmK3w', '9A Demo', 'SEED-9A-2026', 1767427200000),
('seed_demo_classroom_10b', 'user_3BkRu7sUOCzK9XnUI9pl6hmmK3w', '10B Demo', 'SEED-10B-2026', 1767513600000),
('seed_demo_classroom_11c', 'user_3BkRu7sUOCzK9XnUI9pl6hmmK3w', '11C Demo', 'SEED-11C-2026', 1767600000000);

INSERT INTO students (id, firstName, lastName, email, phone, grade, className, inviteCode, classroomId, teacherId) VALUES
('seed_demo_student_1_1', 'Anu', 'Bat', 'seed.demo.1@pinequest.test', '99000001', '9-р анги', '9A Demo', 'SEED-9A-2026', 'seed_demo_classroom_9a', 'user_3BkRu7sUOCzK9XnUI9pl6hmmK3w'),
('seed_demo_student_1_2', 'Bilguun', 'Dorj', 'seed.demo.2@pinequest.test', '99000002', '9-р анги', '9A Demo', 'SEED-9A-2026', 'seed_demo_classroom_9a', 'user_3BkRu7sUOCzK9XnUI9pl6hmmK3w'),
('seed_demo_student_1_3', 'Cecilia', 'Erdene', 'seed.demo.3@pinequest.test', '99000003', '9-р анги', '9A Demo', 'SEED-9A-2026', 'seed_demo_classroom_9a', 'user_3BkRu7sUOCzK9XnUI9pl6hmmK3w'),
('seed_demo_student_1_4', 'Dulguun', 'Gan', 'seed.demo.4@pinequest.test', '99000004', '9-р анги', '9A Demo', 'SEED-9A-2026', 'seed_demo_classroom_9a', 'user_3BkRu7sUOCzK9XnUI9pl6hmmK3w'),
('seed_demo_student_1_5', 'Enkhjin', 'Munkh', 'seed.demo.5@pinequest.test', '99000005', '9-р анги', '9A Demo', 'SEED-9A-2026', 'seed_demo_classroom_9a', 'user_3BkRu7sUOCzK9XnUI9pl6hmmK3w'),
('seed_demo_student_1_6', 'Fiona', 'Naran', 'seed.demo.6@pinequest.test', '99000006', '9-р анги', '9A Demo', 'SEED-9A-2026', 'seed_demo_classroom_9a', 'user_3BkRu7sUOCzK9XnUI9pl6hmmK3w'),
('seed_demo_student_1_7', 'Ganzorig', 'Otgon', 'seed.demo.7@pinequest.test', '99000007', '9-р анги', '9A Demo', 'SEED-9A-2026', 'seed_demo_classroom_9a', 'user_3BkRu7sUOCzK9XnUI9pl6hmmK3w'),
('seed_demo_student_1_8', 'Hulan', 'Purev', 'seed.demo.8@pinequest.test', '99000008', '9-р анги', '9A Demo', 'SEED-9A-2026', 'seed_demo_classroom_9a', 'user_3BkRu7sUOCzK9XnUI9pl6hmmK3w'),
('seed_demo_student_1_9', 'Ider', 'Saruul', 'seed.demo.9@pinequest.test', '99000009', '9-р анги', '9A Demo', 'SEED-9A-2026', 'seed_demo_classroom_9a', 'user_3BkRu7sUOCzK9XnUI9pl6hmmK3w'),
('seed_demo_student_1_10', 'Javkhaa', 'Temuulen', 'seed.demo.10@pinequest.test', '99000010', '9-р анги', '9A Demo', 'SEED-9A-2026', 'seed_demo_classroom_9a', 'user_3BkRu7sUOCzK9XnUI9pl6hmmK3w'),
('seed_demo_student_1_11', 'Khulan', 'Uyanga', 'seed.demo.11@pinequest.test', '99000011', '9-р анги', '9A Demo', 'SEED-9A-2026', 'seed_demo_classroom_9a', 'user_3BkRu7sUOCzK9XnUI9pl6hmmK3w'),
('seed_demo_student_1_12', 'Lkhagva', 'Zol', 'seed.demo.12@pinequest.test', '99000012', '9-р анги', '9A Demo', 'SEED-9A-2026', 'seed_demo_classroom_9a', 'user_3BkRu7sUOCzK9XnUI9pl6hmmK3w'),
('seed_demo_student_2_1', 'Anu', 'Dorj', 'seed.demo.13@pinequest.test', '99000013', '10-р анги', '10B Demo', 'SEED-10B-2026', 'seed_demo_classroom_10b', 'user_3BkRu7sUOCzK9XnUI9pl6hmmK3w'),
('seed_demo_student_2_2', 'Bilguun', 'Erdene', 'seed.demo.14@pinequest.test', '99000014', '10-р анги', '10B Demo', 'SEED-10B-2026', 'seed_demo_classroom_10b', 'user_3BkRu7sUOCzK9XnUI9pl6hmmK3w'),
('seed_demo_student_2_3', 'Cecilia', 'Gan', 'seed.demo.15@pinequest.test', '99000015', '10-р анги', '10B Demo', 'SEED-10B-2026', 'seed_demo_classroom_10b', 'user_3BkRu7sUOCzK9XnUI9pl6hmmK3w'),
('seed_demo_student_2_4', 'Dulguun', 'Munkh', 'seed.demo.16@pinequest.test', '99000016', '10-р анги', '10B Demo', 'SEED-10B-2026', 'seed_demo_classroom_10b', 'user_3BkRu7sUOCzK9XnUI9pl6hmmK3w'),
('seed_demo_student_2_5', 'Enkhjin', 'Naran', 'seed.demo.17@pinequest.test', '99000017', '10-р анги', '10B Demo', 'SEED-10B-2026', 'seed_demo_classroom_10b', 'user_3BkRu7sUOCzK9XnUI9pl6hmmK3w'),
('seed_demo_student_2_6', 'Fiona', 'Otgon', 'seed.demo.18@pinequest.test', '99000018', '10-р анги', '10B Demo', 'SEED-10B-2026', 'seed_demo_classroom_10b', 'user_3BkRu7sUOCzK9XnUI9pl6hmmK3w'),
('seed_demo_student_2_7', 'Ganzorig', 'Purev', 'seed.demo.19@pinequest.test', '99000019', '10-р анги', '10B Demo', 'SEED-10B-2026', 'seed_demo_classroom_10b', 'user_3BkRu7sUOCzK9XnUI9pl6hmmK3w'),
('seed_demo_student_2_8', 'Hulan', 'Saruul', 'seed.demo.20@pinequest.test', '99000020', '10-р анги', '10B Demo', 'SEED-10B-2026', 'seed_demo_classroom_10b', 'user_3BkRu7sUOCzK9XnUI9pl6hmmK3w'),
('seed_demo_student_2_9', 'Ider', 'Temuulen', 'seed.demo.21@pinequest.test', '99000021', '10-р анги', '10B Demo', 'SEED-10B-2026', 'seed_demo_classroom_10b', 'user_3BkRu7sUOCzK9XnUI9pl6hmmK3w'),
('seed_demo_student_2_10', 'Javkhaa', 'Uyanga', 'seed.demo.22@pinequest.test', '99000022', '10-р анги', '10B Demo', 'SEED-10B-2026', 'seed_demo_classroom_10b', 'user_3BkRu7sUOCzK9XnUI9pl6hmmK3w'),
('seed_demo_student_2_11', 'Khulan', 'Zol', 'seed.demo.23@pinequest.test', '99000023', '10-р анги', '10B Demo', 'SEED-10B-2026', 'seed_demo_classroom_10b', 'user_3BkRu7sUOCzK9XnUI9pl6hmmK3w'),
('seed_demo_student_2_12', 'Lkhagva', 'Bat', 'seed.demo.24@pinequest.test', '99000024', '10-р анги', '10B Demo', 'SEED-10B-2026', 'seed_demo_classroom_10b', 'user_3BkRu7sUOCzK9XnUI9pl6hmmK3w'),
('seed_demo_student_3_1', 'Anu', 'Erdene', 'seed.demo.25@pinequest.test', '99000025', '11-р анги', '11C Demo', 'SEED-11C-2026', 'seed_demo_classroom_11c', 'user_3BkRu7sUOCzK9XnUI9pl6hmmK3w');

INSERT INTO students (id, firstName, lastName, email, phone, grade, className, inviteCode, classroomId, teacherId) VALUES
('seed_demo_student_3_2', 'Bilguun', 'Gan', 'seed.demo.26@pinequest.test', '99000026', '11-р анги', '11C Demo', 'SEED-11C-2026', 'seed_demo_classroom_11c', 'user_3BkRu7sUOCzK9XnUI9pl6hmmK3w'),
('seed_demo_student_3_3', 'Cecilia', 'Munkh', 'seed.demo.27@pinequest.test', '99000027', '11-р анги', '11C Demo', 'SEED-11C-2026', 'seed_demo_classroom_11c', 'user_3BkRu7sUOCzK9XnUI9pl6hmmK3w'),
('seed_demo_student_3_4', 'Dulguun', 'Naran', 'seed.demo.28@pinequest.test', '99000028', '11-р анги', '11C Demo', 'SEED-11C-2026', 'seed_demo_classroom_11c', 'user_3BkRu7sUOCzK9XnUI9pl6hmmK3w'),
('seed_demo_student_3_5', 'Enkhjin', 'Otgon', 'seed.demo.29@pinequest.test', '99000029', '11-р анги', '11C Demo', 'SEED-11C-2026', 'seed_demo_classroom_11c', 'user_3BkRu7sUOCzK9XnUI9pl6hmmK3w'),
('seed_demo_student_3_6', 'Fiona', 'Purev', 'seed.demo.30@pinequest.test', '99000030', '11-р анги', '11C Demo', 'SEED-11C-2026', 'seed_demo_classroom_11c', 'user_3BkRu7sUOCzK9XnUI9pl6hmmK3w'),
('seed_demo_student_3_7', 'Ganzorig', 'Saruul', 'seed.demo.31@pinequest.test', '99000031', '11-р анги', '11C Demo', 'SEED-11C-2026', 'seed_demo_classroom_11c', 'user_3BkRu7sUOCzK9XnUI9pl6hmmK3w'),
('seed_demo_student_3_8', 'Hulan', 'Temuulen', 'seed.demo.32@pinequest.test', '99000032', '11-р анги', '11C Demo', 'SEED-11C-2026', 'seed_demo_classroom_11c', 'user_3BkRu7sUOCzK9XnUI9pl6hmmK3w'),
('seed_demo_student_3_9', 'Ider', 'Uyanga', 'seed.demo.33@pinequest.test', '99000033', '11-р анги', '11C Demo', 'SEED-11C-2026', 'seed_demo_classroom_11c', 'user_3BkRu7sUOCzK9XnUI9pl6hmmK3w'),
('seed_demo_student_3_10', 'Javkhaa', 'Zol', 'seed.demo.34@pinequest.test', '99000034', '11-р анги', '11C Demo', 'SEED-11C-2026', 'seed_demo_classroom_11c', 'user_3BkRu7sUOCzK9XnUI9pl6hmmK3w'),
('seed_demo_student_3_11', 'Khulan', 'Bat', 'seed.demo.35@pinequest.test', '99000035', '11-р анги', '11C Demo', 'SEED-11C-2026', 'seed_demo_classroom_11c', 'user_3BkRu7sUOCzK9XnUI9pl6hmmK3w'),
('seed_demo_student_3_12', 'Lkhagva', 'Dorj', 'seed.demo.36@pinequest.test', '99000036', '11-р анги', '11C Demo', 'SEED-11C-2026', 'seed_demo_classroom_11c', 'user_3BkRu7sUOCzK9XnUI9pl6hmmK3w');

INSERT INTO exams (id, title, subject, description, duration, grade, fileUrl, createdBy) VALUES
('seed_demo_exam_1', 'Иргэний нийгэм ба оролцоо', 'social', 'Seed demo exam 1', 45, '9-р анги', NULL, 'user_3BkRu7sUOCzK9XnUI9pl6hmmK3w'),
('seed_demo_exam_2', 'Монгол Улсын Үндсэн хуулийн ойлголт', 'civics', 'Seed demo exam 2', 60, '10-р анги', NULL, 'user_3BkRu7sUOCzK9XnUI9pl6hmmK3w'),
('seed_demo_exam_3', 'Өгөгдлийн дундаж ба магадлал', 'math', 'Seed demo exam 3', 60, '11-р анги', NULL, 'user_3BkRu7sUOCzK9XnUI9pl6hmmK3w'),
('seed_demo_exam_4', 'Reading Comprehension Review', 'english', 'Seed demo exam 4', 45, '10-р анги', NULL, 'user_3BkRu7sUOCzK9XnUI9pl6hmmK3w'),
('seed_demo_exam_5', 'Химийн урвал ба тэнцвэр', 'chemistry', 'Seed demo exam 5', 60, '11-р анги', NULL, 'user_3BkRu7sUOCzK9XnUI9pl6hmmK3w');

INSERT INTO questions (id, type, question, examId, indexOnExam, imageUrl, videoUrl, topic, difficulty) VALUES
('seed_demo_question_1_1', 'mcq', 'Иргэний нийгэм ба оролцоо - Асуулт 1', 'seed_demo_exam_1', 1, NULL, NULL, 'Topic 1', 'easy'),
('seed_demo_question_1_2', 'mcq', 'Иргэний нийгэм ба оролцоо - Асуулт 2', 'seed_demo_exam_1', 2, NULL, NULL, 'Topic 2', 'easy'),
('seed_demo_question_1_3', 'mcq', 'Иргэний нийгэм ба оролцоо - Асуулт 3', 'seed_demo_exam_1', 3, NULL, NULL, 'Topic 3', 'medium'),
('seed_demo_question_1_4', 'mcq', 'Иргэний нийгэм ба оролцоо - Асуулт 4', 'seed_demo_exam_1', 4, NULL, NULL, 'Topic 4', 'medium'),
('seed_demo_question_1_5', 'mcq', 'Иргэний нийгэм ба оролцоо - Асуулт 5', 'seed_demo_exam_1', 5, NULL, NULL, 'Topic 5', 'hard'),
('seed_demo_question_1_6', 'mcq', 'Иргэний нийгэм ба оролцоо - Асуулт 6', 'seed_demo_exam_1', 6, NULL, NULL, 'Topic 6', 'hard'),
('seed_demo_question_2_1', 'mcq', 'Монгол Улсын Үндсэн хуулийн ойлголт - Асуулт 1', 'seed_demo_exam_2', 1, NULL, NULL, 'Topic 1', 'easy'),
('seed_demo_question_2_2', 'mcq', 'Монгол Улсын Үндсэн хуулийн ойлголт - Асуулт 2', 'seed_demo_exam_2', 2, NULL, NULL, 'Topic 2', 'easy'),
('seed_demo_question_2_3', 'mcq', 'Монгол Улсын Үндсэн хуулийн ойлголт - Асуулт 3', 'seed_demo_exam_2', 3, NULL, NULL, 'Topic 3', 'medium'),
('seed_demo_question_2_4', 'mcq', 'Монгол Улсын Үндсэн хуулийн ойлголт - Асуулт 4', 'seed_demo_exam_2', 4, NULL, NULL, 'Topic 4', 'medium'),
('seed_demo_question_2_5', 'mcq', 'Монгол Улсын Үндсэн хуулийн ойлголт - Асуулт 5', 'seed_demo_exam_2', 5, NULL, NULL, 'Topic 5', 'hard'),
('seed_demo_question_2_6', 'mcq', 'Монгол Улсын Үндсэн хуулийн ойлголт - Асуулт 6', 'seed_demo_exam_2', 6, NULL, NULL, 'Topic 6', 'hard'),
('seed_demo_question_3_1', 'mcq', 'Өгөгдлийн дундаж ба магадлал - Асуулт 1', 'seed_demo_exam_3', 1, NULL, NULL, 'Topic 1', 'easy'),
('seed_demo_question_3_2', 'mcq', 'Өгөгдлийн дундаж ба магадлал - Асуулт 2', 'seed_demo_exam_3', 2, NULL, NULL, 'Topic 2', 'easy'),
('seed_demo_question_3_3', 'mcq', 'Өгөгдлийн дундаж ба магадлал - Асуулт 3', 'seed_demo_exam_3', 3, NULL, NULL, 'Topic 3', 'medium'),
('seed_demo_question_3_4', 'mcq', 'Өгөгдлийн дундаж ба магадлал - Асуулт 4', 'seed_demo_exam_3', 4, NULL, NULL, 'Topic 4', 'medium'),
('seed_demo_question_3_5', 'mcq', 'Өгөгдлийн дундаж ба магадлал - Асуулт 5', 'seed_demo_exam_3', 5, NULL, NULL, 'Topic 5', 'hard'),
('seed_demo_question_3_6', 'mcq', 'Өгөгдлийн дундаж ба магадлал - Асуулт 6', 'seed_demo_exam_3', 6, NULL, NULL, 'Topic 6', 'hard'),
('seed_demo_question_4_1', 'mcq', 'Reading Comprehension Review - Асуулт 1', 'seed_demo_exam_4', 1, NULL, NULL, 'Topic 1', 'easy'),
('seed_demo_question_4_2', 'mcq', 'Reading Comprehension Review - Асуулт 2', 'seed_demo_exam_4', 2, NULL, NULL, 'Topic 2', 'easy'),
('seed_demo_question_4_3', 'mcq', 'Reading Comprehension Review - Асуулт 3', 'seed_demo_exam_4', 3, NULL, NULL, 'Topic 3', 'medium'),
('seed_demo_question_4_4', 'mcq', 'Reading Comprehension Review - Асуулт 4', 'seed_demo_exam_4', 4, NULL, NULL, 'Topic 4', 'medium'),
('seed_demo_question_4_5', 'mcq', 'Reading Comprehension Review - Асуулт 5', 'seed_demo_exam_4', 5, NULL, NULL, 'Topic 5', 'hard'),
('seed_demo_question_4_6', 'mcq', 'Reading Comprehension Review - Асуулт 6', 'seed_demo_exam_4', 6, NULL, NULL, 'Topic 6', 'hard'),
('seed_demo_question_5_1', 'mcq', 'Химийн урвал ба тэнцвэр - Асуулт 1', 'seed_demo_exam_5', 1, NULL, NULL, 'Topic 1', 'easy');

INSERT INTO questions (id, type, question, examId, indexOnExam, imageUrl, videoUrl, topic, difficulty) VALUES
('seed_demo_question_5_2', 'mcq', 'Химийн урвал ба тэнцвэр - Асуулт 2', 'seed_demo_exam_5', 2, NULL, NULL, 'Topic 2', 'easy'),
('seed_demo_question_5_3', 'mcq', 'Химийн урвал ба тэнцвэр - Асуулт 3', 'seed_demo_exam_5', 3, NULL, NULL, 'Topic 3', 'medium'),
('seed_demo_question_5_4', 'mcq', 'Химийн урвал ба тэнцвэр - Асуулт 4', 'seed_demo_exam_5', 4, NULL, NULL, 'Topic 4', 'medium'),
('seed_demo_question_5_5', 'mcq', 'Химийн урвал ба тэнцвэр - Асуулт 5', 'seed_demo_exam_5', 5, NULL, NULL, 'Topic 5', 'hard'),
('seed_demo_question_5_6', 'mcq', 'Химийн урвал ба тэнцвэр - Асуулт 6', 'seed_demo_exam_5', 6, NULL, NULL, 'Topic 6', 'hard');

INSERT INTO choices (id, questionId, text, label, imageUrl, videoUrl, isCorrect) VALUES
('seed_demo_question_1_1_choice_a', 'seed_demo_question_1_1', 'Иргэний нийгэм ба оролцоо - Асуулт 1 - Сонголт A', 'A', NULL, NULL, 1),
('seed_demo_question_1_1_choice_b', 'seed_demo_question_1_1', 'Иргэний нийгэм ба оролцоо - Асуулт 1 - Сонголт B', 'B', NULL, NULL, 0),
('seed_demo_question_1_1_choice_c', 'seed_demo_question_1_1', 'Иргэний нийгэм ба оролцоо - Асуулт 1 - Сонголт C', 'C', NULL, NULL, 0),
('seed_demo_question_1_1_choice_d', 'seed_demo_question_1_1', 'Иргэний нийгэм ба оролцоо - Асуулт 1 - Сонголт D', 'D', NULL, NULL, 0),
('seed_demo_question_1_2_choice_a', 'seed_demo_question_1_2', 'Иргэний нийгэм ба оролцоо - Асуулт 2 - Сонголт A', 'A', NULL, NULL, 0),
('seed_demo_question_1_2_choice_b', 'seed_demo_question_1_2', 'Иргэний нийгэм ба оролцоо - Асуулт 2 - Сонголт B', 'B', NULL, NULL, 1),
('seed_demo_question_1_2_choice_c', 'seed_demo_question_1_2', 'Иргэний нийгэм ба оролцоо - Асуулт 2 - Сонголт C', 'C', NULL, NULL, 0),
('seed_demo_question_1_2_choice_d', 'seed_demo_question_1_2', 'Иргэний нийгэм ба оролцоо - Асуулт 2 - Сонголт D', 'D', NULL, NULL, 0),
('seed_demo_question_1_3_choice_a', 'seed_demo_question_1_3', 'Иргэний нийгэм ба оролцоо - Асуулт 3 - Сонголт A', 'A', NULL, NULL, 0),
('seed_demo_question_1_3_choice_b', 'seed_demo_question_1_3', 'Иргэний нийгэм ба оролцоо - Асуулт 3 - Сонголт B', 'B', NULL, NULL, 0),
('seed_demo_question_1_3_choice_c', 'seed_demo_question_1_3', 'Иргэний нийгэм ба оролцоо - Асуулт 3 - Сонголт C', 'C', NULL, NULL, 1),
('seed_demo_question_1_3_choice_d', 'seed_demo_question_1_3', 'Иргэний нийгэм ба оролцоо - Асуулт 3 - Сонголт D', 'D', NULL, NULL, 0),
('seed_demo_question_1_4_choice_a', 'seed_demo_question_1_4', 'Иргэний нийгэм ба оролцоо - Асуулт 4 - Сонголт A', 'A', NULL, NULL, 0),
('seed_demo_question_1_4_choice_b', 'seed_demo_question_1_4', 'Иргэний нийгэм ба оролцоо - Асуулт 4 - Сонголт B', 'B', NULL, NULL, 0),
('seed_demo_question_1_4_choice_c', 'seed_demo_question_1_4', 'Иргэний нийгэм ба оролцоо - Асуулт 4 - Сонголт C', 'C', NULL, NULL, 0),
('seed_demo_question_1_4_choice_d', 'seed_demo_question_1_4', 'Иргэний нийгэм ба оролцоо - Асуулт 4 - Сонголт D', 'D', NULL, NULL, 1),
('seed_demo_question_1_5_choice_a', 'seed_demo_question_1_5', 'Иргэний нийгэм ба оролцоо - Асуулт 5 - Сонголт A', 'A', NULL, NULL, 1),
('seed_demo_question_1_5_choice_b', 'seed_demo_question_1_5', 'Иргэний нийгэм ба оролцоо - Асуулт 5 - Сонголт B', 'B', NULL, NULL, 0),
('seed_demo_question_1_5_choice_c', 'seed_demo_question_1_5', 'Иргэний нийгэм ба оролцоо - Асуулт 5 - Сонголт C', 'C', NULL, NULL, 0),
('seed_demo_question_1_5_choice_d', 'seed_demo_question_1_5', 'Иргэний нийгэм ба оролцоо - Асуулт 5 - Сонголт D', 'D', NULL, NULL, 0),
('seed_demo_question_1_6_choice_a', 'seed_demo_question_1_6', 'Иргэний нийгэм ба оролцоо - Асуулт 6 - Сонголт A', 'A', NULL, NULL, 0),
('seed_demo_question_1_6_choice_b', 'seed_demo_question_1_6', 'Иргэний нийгэм ба оролцоо - Асуулт 6 - Сонголт B', 'B', NULL, NULL, 1),
('seed_demo_question_1_6_choice_c', 'seed_demo_question_1_6', 'Иргэний нийгэм ба оролцоо - Асуулт 6 - Сонголт C', 'C', NULL, NULL, 0),
('seed_demo_question_1_6_choice_d', 'seed_demo_question_1_6', 'Иргэний нийгэм ба оролцоо - Асуулт 6 - Сонголт D', 'D', NULL, NULL, 0),
('seed_demo_question_2_1_choice_a', 'seed_demo_question_2_1', 'Монгол Улсын Үндсэн хуулийн ойлголт - Асуулт 1 - Сонголт A', 'A', NULL, NULL, 0),
('seed_demo_question_2_1_choice_b', 'seed_demo_question_2_1', 'Монгол Улсын Үндсэн хуулийн ойлголт - Асуулт 1 - Сонголт B', 'B', NULL, NULL, 1),
('seed_demo_question_2_1_choice_c', 'seed_demo_question_2_1', 'Монгол Улсын Үндсэн хуулийн ойлголт - Асуулт 1 - Сонголт C', 'C', NULL, NULL, 0),
('seed_demo_question_2_1_choice_d', 'seed_demo_question_2_1', 'Монгол Улсын Үндсэн хуулийн ойлголт - Асуулт 1 - Сонголт D', 'D', NULL, NULL, 0),
('seed_demo_question_2_2_choice_a', 'seed_demo_question_2_2', 'Монгол Улсын Үндсэн хуулийн ойлголт - Асуулт 2 - Сонголт A', 'A', NULL, NULL, 0),
('seed_demo_question_2_2_choice_b', 'seed_demo_question_2_2', 'Монгол Улсын Үндсэн хуулийн ойлголт - Асуулт 2 - Сонголт B', 'B', NULL, NULL, 0),
('seed_demo_question_2_2_choice_c', 'seed_demo_question_2_2', 'Монгол Улсын Үндсэн хуулийн ойлголт - Асуулт 2 - Сонголт C', 'C', NULL, NULL, 1),
('seed_demo_question_2_2_choice_d', 'seed_demo_question_2_2', 'Монгол Улсын Үндсэн хуулийн ойлголт - Асуулт 2 - Сонголт D', 'D', NULL, NULL, 0),
('seed_demo_question_2_3_choice_a', 'seed_demo_question_2_3', 'Монгол Улсын Үндсэн хуулийн ойлголт - Асуулт 3 - Сонголт A', 'A', NULL, NULL, 0),
('seed_demo_question_2_3_choice_b', 'seed_demo_question_2_3', 'Монгол Улсын Үндсэн хуулийн ойлголт - Асуулт 3 - Сонголт B', 'B', NULL, NULL, 0),
('seed_demo_question_2_3_choice_c', 'seed_demo_question_2_3', 'Монгол Улсын Үндсэн хуулийн ойлголт - Асуулт 3 - Сонголт C', 'C', NULL, NULL, 0),
('seed_demo_question_2_3_choice_d', 'seed_demo_question_2_3', 'Монгол Улсын Үндсэн хуулийн ойлголт - Асуулт 3 - Сонголт D', 'D', NULL, NULL, 1),
('seed_demo_question_2_4_choice_a', 'seed_demo_question_2_4', 'Монгол Улсын Үндсэн хуулийн ойлголт - Асуулт 4 - Сонголт A', 'A', NULL, NULL, 1),
('seed_demo_question_2_4_choice_b', 'seed_demo_question_2_4', 'Монгол Улсын Үндсэн хуулийн ойлголт - Асуулт 4 - Сонголт B', 'B', NULL, NULL, 0),
('seed_demo_question_2_4_choice_c', 'seed_demo_question_2_4', 'Монгол Улсын Үндсэн хуулийн ойлголт - Асуулт 4 - Сонголт C', 'C', NULL, NULL, 0),
('seed_demo_question_2_4_choice_d', 'seed_demo_question_2_4', 'Монгол Улсын Үндсэн хуулийн ойлголт - Асуулт 4 - Сонголт D', 'D', NULL, NULL, 0);

INSERT INTO choices (id, questionId, text, label, imageUrl, videoUrl, isCorrect) VALUES
('seed_demo_question_2_5_choice_a', 'seed_demo_question_2_5', 'Монгол Улсын Үндсэн хуулийн ойлголт - Асуулт 5 - Сонголт A', 'A', NULL, NULL, 0),
('seed_demo_question_2_5_choice_b', 'seed_demo_question_2_5', 'Монгол Улсын Үндсэн хуулийн ойлголт - Асуулт 5 - Сонголт B', 'B', NULL, NULL, 1),
('seed_demo_question_2_5_choice_c', 'seed_demo_question_2_5', 'Монгол Улсын Үндсэн хуулийн ойлголт - Асуулт 5 - Сонголт C', 'C', NULL, NULL, 0),
('seed_demo_question_2_5_choice_d', 'seed_demo_question_2_5', 'Монгол Улсын Үндсэн хуулийн ойлголт - Асуулт 5 - Сонголт D', 'D', NULL, NULL, 0),
('seed_demo_question_2_6_choice_a', 'seed_demo_question_2_6', 'Монгол Улсын Үндсэн хуулийн ойлголт - Асуулт 6 - Сонголт A', 'A', NULL, NULL, 0),
('seed_demo_question_2_6_choice_b', 'seed_demo_question_2_6', 'Монгол Улсын Үндсэн хуулийн ойлголт - Асуулт 6 - Сонголт B', 'B', NULL, NULL, 0),
('seed_demo_question_2_6_choice_c', 'seed_demo_question_2_6', 'Монгол Улсын Үндсэн хуулийн ойлголт - Асуулт 6 - Сонголт C', 'C', NULL, NULL, 1),
('seed_demo_question_2_6_choice_d', 'seed_demo_question_2_6', 'Монгол Улсын Үндсэн хуулийн ойлголт - Асуулт 6 - Сонголт D', 'D', NULL, NULL, 0),
('seed_demo_question_3_1_choice_a', 'seed_demo_question_3_1', 'Өгөгдлийн дундаж ба магадлал - Асуулт 1 - Сонголт A', 'A', NULL, NULL, 0),
('seed_demo_question_3_1_choice_b', 'seed_demo_question_3_1', 'Өгөгдлийн дундаж ба магадлал - Асуулт 1 - Сонголт B', 'B', NULL, NULL, 0),
('seed_demo_question_3_1_choice_c', 'seed_demo_question_3_1', 'Өгөгдлийн дундаж ба магадлал - Асуулт 1 - Сонголт C', 'C', NULL, NULL, 1),
('seed_demo_question_3_1_choice_d', 'seed_demo_question_3_1', 'Өгөгдлийн дундаж ба магадлал - Асуулт 1 - Сонголт D', 'D', NULL, NULL, 0),
('seed_demo_question_3_2_choice_a', 'seed_demo_question_3_2', 'Өгөгдлийн дундаж ба магадлал - Асуулт 2 - Сонголт A', 'A', NULL, NULL, 0),
('seed_demo_question_3_2_choice_b', 'seed_demo_question_3_2', 'Өгөгдлийн дундаж ба магадлал - Асуулт 2 - Сонголт B', 'B', NULL, NULL, 0),
('seed_demo_question_3_2_choice_c', 'seed_demo_question_3_2', 'Өгөгдлийн дундаж ба магадлал - Асуулт 2 - Сонголт C', 'C', NULL, NULL, 0),
('seed_demo_question_3_2_choice_d', 'seed_demo_question_3_2', 'Өгөгдлийн дундаж ба магадлал - Асуулт 2 - Сонголт D', 'D', NULL, NULL, 1),
('seed_demo_question_3_3_choice_a', 'seed_demo_question_3_3', 'Өгөгдлийн дундаж ба магадлал - Асуулт 3 - Сонголт A', 'A', NULL, NULL, 1),
('seed_demo_question_3_3_choice_b', 'seed_demo_question_3_3', 'Өгөгдлийн дундаж ба магадлал - Асуулт 3 - Сонголт B', 'B', NULL, NULL, 0),
('seed_demo_question_3_3_choice_c', 'seed_demo_question_3_3', 'Өгөгдлийн дундаж ба магадлал - Асуулт 3 - Сонголт C', 'C', NULL, NULL, 0),
('seed_demo_question_3_3_choice_d', 'seed_demo_question_3_3', 'Өгөгдлийн дундаж ба магадлал - Асуулт 3 - Сонголт D', 'D', NULL, NULL, 0),
('seed_demo_question_3_4_choice_a', 'seed_demo_question_3_4', 'Өгөгдлийн дундаж ба магадлал - Асуулт 4 - Сонголт A', 'A', NULL, NULL, 0),
('seed_demo_question_3_4_choice_b', 'seed_demo_question_3_4', 'Өгөгдлийн дундаж ба магадлал - Асуулт 4 - Сонголт B', 'B', NULL, NULL, 1),
('seed_demo_question_3_4_choice_c', 'seed_demo_question_3_4', 'Өгөгдлийн дундаж ба магадлал - Асуулт 4 - Сонголт C', 'C', NULL, NULL, 0),
('seed_demo_question_3_4_choice_d', 'seed_demo_question_3_4', 'Өгөгдлийн дундаж ба магадлал - Асуулт 4 - Сонголт D', 'D', NULL, NULL, 0),
('seed_demo_question_3_5_choice_a', 'seed_demo_question_3_5', 'Өгөгдлийн дундаж ба магадлал - Асуулт 5 - Сонголт A', 'A', NULL, NULL, 0),
('seed_demo_question_3_5_choice_b', 'seed_demo_question_3_5', 'Өгөгдлийн дундаж ба магадлал - Асуулт 5 - Сонголт B', 'B', NULL, NULL, 0),
('seed_demo_question_3_5_choice_c', 'seed_demo_question_3_5', 'Өгөгдлийн дундаж ба магадлал - Асуулт 5 - Сонголт C', 'C', NULL, NULL, 1),
('seed_demo_question_3_5_choice_d', 'seed_demo_question_3_5', 'Өгөгдлийн дундаж ба магадлал - Асуулт 5 - Сонголт D', 'D', NULL, NULL, 0),
('seed_demo_question_3_6_choice_a', 'seed_demo_question_3_6', 'Өгөгдлийн дундаж ба магадлал - Асуулт 6 - Сонголт A', 'A', NULL, NULL, 0),
('seed_demo_question_3_6_choice_b', 'seed_demo_question_3_6', 'Өгөгдлийн дундаж ба магадлал - Асуулт 6 - Сонголт B', 'B', NULL, NULL, 0),
('seed_demo_question_3_6_choice_c', 'seed_demo_question_3_6', 'Өгөгдлийн дундаж ба магадлал - Асуулт 6 - Сонголт C', 'C', NULL, NULL, 0),
('seed_demo_question_3_6_choice_d', 'seed_demo_question_3_6', 'Өгөгдлийн дундаж ба магадлал - Асуулт 6 - Сонголт D', 'D', NULL, NULL, 1),
('seed_demo_question_4_1_choice_a', 'seed_demo_question_4_1', 'Reading Comprehension Review - Асуулт 1 - Сонголт A', 'A', NULL, NULL, 0),
('seed_demo_question_4_1_choice_b', 'seed_demo_question_4_1', 'Reading Comprehension Review - Асуулт 1 - Сонголт B', 'B', NULL, NULL, 0),
('seed_demo_question_4_1_choice_c', 'seed_demo_question_4_1', 'Reading Comprehension Review - Асуулт 1 - Сонголт C', 'C', NULL, NULL, 0),
('seed_demo_question_4_1_choice_d', 'seed_demo_question_4_1', 'Reading Comprehension Review - Асуулт 1 - Сонголт D', 'D', NULL, NULL, 1),
('seed_demo_question_4_2_choice_a', 'seed_demo_question_4_2', 'Reading Comprehension Review - Асуулт 2 - Сонголт A', 'A', NULL, NULL, 1),
('seed_demo_question_4_2_choice_b', 'seed_demo_question_4_2', 'Reading Comprehension Review - Асуулт 2 - Сонголт B', 'B', NULL, NULL, 0),
('seed_demo_question_4_2_choice_c', 'seed_demo_question_4_2', 'Reading Comprehension Review - Асуулт 2 - Сонголт C', 'C', NULL, NULL, 0),
('seed_demo_question_4_2_choice_d', 'seed_demo_question_4_2', 'Reading Comprehension Review - Асуулт 2 - Сонголт D', 'D', NULL, NULL, 0);

INSERT INTO choices (id, questionId, text, label, imageUrl, videoUrl, isCorrect) VALUES
('seed_demo_question_4_3_choice_a', 'seed_demo_question_4_3', 'Reading Comprehension Review - Асуулт 3 - Сонголт A', 'A', NULL, NULL, 0),
('seed_demo_question_4_3_choice_b', 'seed_demo_question_4_3', 'Reading Comprehension Review - Асуулт 3 - Сонголт B', 'B', NULL, NULL, 1),
('seed_demo_question_4_3_choice_c', 'seed_demo_question_4_3', 'Reading Comprehension Review - Асуулт 3 - Сонголт C', 'C', NULL, NULL, 0),
('seed_demo_question_4_3_choice_d', 'seed_demo_question_4_3', 'Reading Comprehension Review - Асуулт 3 - Сонголт D', 'D', NULL, NULL, 0),
('seed_demo_question_4_4_choice_a', 'seed_demo_question_4_4', 'Reading Comprehension Review - Асуулт 4 - Сонголт A', 'A', NULL, NULL, 0),
('seed_demo_question_4_4_choice_b', 'seed_demo_question_4_4', 'Reading Comprehension Review - Асуулт 4 - Сонголт B', 'B', NULL, NULL, 0),
('seed_demo_question_4_4_choice_c', 'seed_demo_question_4_4', 'Reading Comprehension Review - Асуулт 4 - Сонголт C', 'C', NULL, NULL, 1),
('seed_demo_question_4_4_choice_d', 'seed_demo_question_4_4', 'Reading Comprehension Review - Асуулт 4 - Сонголт D', 'D', NULL, NULL, 0),
('seed_demo_question_4_5_choice_a', 'seed_demo_question_4_5', 'Reading Comprehension Review - Асуулт 5 - Сонголт A', 'A', NULL, NULL, 0),
('seed_demo_question_4_5_choice_b', 'seed_demo_question_4_5', 'Reading Comprehension Review - Асуулт 5 - Сонголт B', 'B', NULL, NULL, 0),
('seed_demo_question_4_5_choice_c', 'seed_demo_question_4_5', 'Reading Comprehension Review - Асуулт 5 - Сонголт C', 'C', NULL, NULL, 0),
('seed_demo_question_4_5_choice_d', 'seed_demo_question_4_5', 'Reading Comprehension Review - Асуулт 5 - Сонголт D', 'D', NULL, NULL, 1),
('seed_demo_question_4_6_choice_a', 'seed_demo_question_4_6', 'Reading Comprehension Review - Асуулт 6 - Сонголт A', 'A', NULL, NULL, 1),
('seed_demo_question_4_6_choice_b', 'seed_demo_question_4_6', 'Reading Comprehension Review - Асуулт 6 - Сонголт B', 'B', NULL, NULL, 0),
('seed_demo_question_4_6_choice_c', 'seed_demo_question_4_6', 'Reading Comprehension Review - Асуулт 6 - Сонголт C', 'C', NULL, NULL, 0),
('seed_demo_question_4_6_choice_d', 'seed_demo_question_4_6', 'Reading Comprehension Review - Асуулт 6 - Сонголт D', 'D', NULL, NULL, 0),
('seed_demo_question_5_1_choice_a', 'seed_demo_question_5_1', 'Химийн урвал ба тэнцвэр - Асуулт 1 - Сонголт A', 'A', NULL, NULL, 1),
('seed_demo_question_5_1_choice_b', 'seed_demo_question_5_1', 'Химийн урвал ба тэнцвэр - Асуулт 1 - Сонголт B', 'B', NULL, NULL, 0),
('seed_demo_question_5_1_choice_c', 'seed_demo_question_5_1', 'Химийн урвал ба тэнцвэр - Асуулт 1 - Сонголт C', 'C', NULL, NULL, 0),
('seed_demo_question_5_1_choice_d', 'seed_demo_question_5_1', 'Химийн урвал ба тэнцвэр - Асуулт 1 - Сонголт D', 'D', NULL, NULL, 0),
('seed_demo_question_5_2_choice_a', 'seed_demo_question_5_2', 'Химийн урвал ба тэнцвэр - Асуулт 2 - Сонголт A', 'A', NULL, NULL, 0),
('seed_demo_question_5_2_choice_b', 'seed_demo_question_5_2', 'Химийн урвал ба тэнцвэр - Асуулт 2 - Сонголт B', 'B', NULL, NULL, 1),
('seed_demo_question_5_2_choice_c', 'seed_demo_question_5_2', 'Химийн урвал ба тэнцвэр - Асуулт 2 - Сонголт C', 'C', NULL, NULL, 0),
('seed_demo_question_5_2_choice_d', 'seed_demo_question_5_2', 'Химийн урвал ба тэнцвэр - Асуулт 2 - Сонголт D', 'D', NULL, NULL, 0),
('seed_demo_question_5_3_choice_a', 'seed_demo_question_5_3', 'Химийн урвал ба тэнцвэр - Асуулт 3 - Сонголт A', 'A', NULL, NULL, 0),
('seed_demo_question_5_3_choice_b', 'seed_demo_question_5_3', 'Химийн урвал ба тэнцвэр - Асуулт 3 - Сонголт B', 'B', NULL, NULL, 0),
('seed_demo_question_5_3_choice_c', 'seed_demo_question_5_3', 'Химийн урвал ба тэнцвэр - Асуулт 3 - Сонголт C', 'C', NULL, NULL, 1),
('seed_demo_question_5_3_choice_d', 'seed_demo_question_5_3', 'Химийн урвал ба тэнцвэр - Асуулт 3 - Сонголт D', 'D', NULL, NULL, 0),
('seed_demo_question_5_4_choice_a', 'seed_demo_question_5_4', 'Химийн урвал ба тэнцвэр - Асуулт 4 - Сонголт A', 'A', NULL, NULL, 0),
('seed_demo_question_5_4_choice_b', 'seed_demo_question_5_4', 'Химийн урвал ба тэнцвэр - Асуулт 4 - Сонголт B', 'B', NULL, NULL, 0),
('seed_demo_question_5_4_choice_c', 'seed_demo_question_5_4', 'Химийн урвал ба тэнцвэр - Асуулт 4 - Сонголт C', 'C', NULL, NULL, 0),
('seed_demo_question_5_4_choice_d', 'seed_demo_question_5_4', 'Химийн урвал ба тэнцвэр - Асуулт 4 - Сонголт D', 'D', NULL, NULL, 1),
('seed_demo_question_5_5_choice_a', 'seed_demo_question_5_5', 'Химийн урвал ба тэнцвэр - Асуулт 5 - Сонголт A', 'A', NULL, NULL, 1),
('seed_demo_question_5_5_choice_b', 'seed_demo_question_5_5', 'Химийн урвал ба тэнцвэр - Асуулт 5 - Сонголт B', 'B', NULL, NULL, 0),
('seed_demo_question_5_5_choice_c', 'seed_demo_question_5_5', 'Химийн урвал ба тэнцвэр - Асуулт 5 - Сонголт C', 'C', NULL, NULL, 0),
('seed_demo_question_5_5_choice_d', 'seed_demo_question_5_5', 'Химийн урвал ба тэнцвэр - Асуулт 5 - Сонголт D', 'D', NULL, NULL, 0),
('seed_demo_question_5_6_choice_a', 'seed_demo_question_5_6', 'Химийн урвал ба тэнцвэр - Асуулт 6 - Сонголт A', 'A', NULL, NULL, 0),
('seed_demo_question_5_6_choice_b', 'seed_demo_question_5_6', 'Химийн урвал ба тэнцвэр - Асуулт 6 - Сонголт B', 'B', NULL, NULL, 1),
('seed_demo_question_5_6_choice_c', 'seed_demo_question_5_6', 'Химийн урвал ба тэнцвэр - Асуулт 6 - Сонголт C', 'C', NULL, NULL, 0),
('seed_demo_question_5_6_choice_d', 'seed_demo_question_5_6', 'Химийн урвал ба тэнцвэр - Асуулт 6 - Сонголт D', 'D', NULL, NULL, 0);

INSERT INTO announced_exams (id, examId, openStatus, scheduledDate, startTime, createdBy) VALUES
('seed_demo_announcement_seed_demo_exam_1_seed_demo_classroom_9a', 'seed_demo_exam_1', 0, '2026-01-15', '09:00', 'user_3BkRu7sUOCzK9XnUI9pl6hmmK3w'),
('seed_demo_announcement_seed_demo_exam_1_seed_demo_classroom_10b', 'seed_demo_exam_1', 0, '2026-01-15', '09:00', 'user_3BkRu7sUOCzK9XnUI9pl6hmmK3w'),
('seed_demo_announcement_seed_demo_exam_1_seed_demo_classroom_11c', 'seed_demo_exam_1', 0, '2026-01-15', '09:00', 'user_3BkRu7sUOCzK9XnUI9pl6hmmK3w'),
('seed_demo_announcement_seed_demo_exam_2_seed_demo_classroom_9a', 'seed_demo_exam_2', 0, '2026-01-29', '10:15', 'user_3BkRu7sUOCzK9XnUI9pl6hmmK3w'),
('seed_demo_announcement_seed_demo_exam_2_seed_demo_classroom_10b', 'seed_demo_exam_2', 0, '2026-01-29', '10:15', 'user_3BkRu7sUOCzK9XnUI9pl6hmmK3w'),
('seed_demo_announcement_seed_demo_exam_2_seed_demo_classroom_11c', 'seed_demo_exam_2', 0, '2026-01-29', '10:15', 'user_3BkRu7sUOCzK9XnUI9pl6hmmK3w'),
('seed_demo_announcement_seed_demo_exam_3_seed_demo_classroom_9a', 'seed_demo_exam_3', 0, '2026-02-12', '11:30', 'user_3BkRu7sUOCzK9XnUI9pl6hmmK3w'),
('seed_demo_announcement_seed_demo_exam_3_seed_demo_classroom_10b', 'seed_demo_exam_3', 0, '2026-02-12', '11:30', 'user_3BkRu7sUOCzK9XnUI9pl6hmmK3w'),
('seed_demo_announcement_seed_demo_exam_3_seed_demo_classroom_11c', 'seed_demo_exam_3', 0, '2026-02-12', '11:30', 'user_3BkRu7sUOCzK9XnUI9pl6hmmK3w'),
('seed_demo_announcement_seed_demo_exam_4_seed_demo_classroom_9a', 'seed_demo_exam_4', 0, '2026-02-26', '09:45', 'user_3BkRu7sUOCzK9XnUI9pl6hmmK3w'),
('seed_demo_announcement_seed_demo_exam_4_seed_demo_classroom_10b', 'seed_demo_exam_4', 0, '2026-02-26', '09:45', 'user_3BkRu7sUOCzK9XnUI9pl6hmmK3w'),
('seed_demo_announcement_seed_demo_exam_4_seed_demo_classroom_11c', 'seed_demo_exam_4', 0, '2026-02-26', '09:45', 'user_3BkRu7sUOCzK9XnUI9pl6hmmK3w'),
('seed_demo_announcement_seed_demo_exam_5_seed_demo_classroom_9a', 'seed_demo_exam_5', 0, '2026-03-12', '13:00', 'user_3BkRu7sUOCzK9XnUI9pl6hmmK3w'),
('seed_demo_announcement_seed_demo_exam_5_seed_demo_classroom_10b', 'seed_demo_exam_5', 0, '2026-03-12', '13:00', 'user_3BkRu7sUOCzK9XnUI9pl6hmmK3w'),
('seed_demo_announcement_seed_demo_exam_5_seed_demo_classroom_11c', 'seed_demo_exam_5', 0, '2026-03-12', '13:00', 'user_3BkRu7sUOCzK9XnUI9pl6hmmK3w');

INSERT INTO announced_exam_grades (id, classroomId, announcedExamId, createdBy) VALUES
('seed_demo_grade_link_seed_demo_announcement_seed_demo_exam_1_seed_demo_classroom_9a', 'seed_demo_classroom_9a', 'seed_demo_announcement_seed_demo_exam_1_seed_demo_classroom_9a', 'user_3BkRu7sUOCzK9XnUI9pl6hmmK3w'),
('seed_demo_grade_link_seed_demo_announcement_seed_demo_exam_1_seed_demo_classroom_10b', 'seed_demo_classroom_10b', 'seed_demo_announcement_seed_demo_exam_1_seed_demo_classroom_10b', 'user_3BkRu7sUOCzK9XnUI9pl6hmmK3w'),
('seed_demo_grade_link_seed_demo_announcement_seed_demo_exam_1_seed_demo_classroom_11c', 'seed_demo_classroom_11c', 'seed_demo_announcement_seed_demo_exam_1_seed_demo_classroom_11c', 'user_3BkRu7sUOCzK9XnUI9pl6hmmK3w'),
('seed_demo_grade_link_seed_demo_announcement_seed_demo_exam_2_seed_demo_classroom_9a', 'seed_demo_classroom_9a', 'seed_demo_announcement_seed_demo_exam_2_seed_demo_classroom_9a', 'user_3BkRu7sUOCzK9XnUI9pl6hmmK3w'),
('seed_demo_grade_link_seed_demo_announcement_seed_demo_exam_2_seed_demo_classroom_10b', 'seed_demo_classroom_10b', 'seed_demo_announcement_seed_demo_exam_2_seed_demo_classroom_10b', 'user_3BkRu7sUOCzK9XnUI9pl6hmmK3w'),
('seed_demo_grade_link_seed_demo_announcement_seed_demo_exam_2_seed_demo_classroom_11c', 'seed_demo_classroom_11c', 'seed_demo_announcement_seed_demo_exam_2_seed_demo_classroom_11c', 'user_3BkRu7sUOCzK9XnUI9pl6hmmK3w'),
('seed_demo_grade_link_seed_demo_announcement_seed_demo_exam_3_seed_demo_classroom_9a', 'seed_demo_classroom_9a', 'seed_demo_announcement_seed_demo_exam_3_seed_demo_classroom_9a', 'user_3BkRu7sUOCzK9XnUI9pl6hmmK3w'),
('seed_demo_grade_link_seed_demo_announcement_seed_demo_exam_3_seed_demo_classroom_10b', 'seed_demo_classroom_10b', 'seed_demo_announcement_seed_demo_exam_3_seed_demo_classroom_10b', 'user_3BkRu7sUOCzK9XnUI9pl6hmmK3w'),
('seed_demo_grade_link_seed_demo_announcement_seed_demo_exam_3_seed_demo_classroom_11c', 'seed_demo_classroom_11c', 'seed_demo_announcement_seed_demo_exam_3_seed_demo_classroom_11c', 'user_3BkRu7sUOCzK9XnUI9pl6hmmK3w'),
('seed_demo_grade_link_seed_demo_announcement_seed_demo_exam_4_seed_demo_classroom_9a', 'seed_demo_classroom_9a', 'seed_demo_announcement_seed_demo_exam_4_seed_demo_classroom_9a', 'user_3BkRu7sUOCzK9XnUI9pl6hmmK3w'),
('seed_demo_grade_link_seed_demo_announcement_seed_demo_exam_4_seed_demo_classroom_10b', 'seed_demo_classroom_10b', 'seed_demo_announcement_seed_demo_exam_4_seed_demo_classroom_10b', 'user_3BkRu7sUOCzK9XnUI9pl6hmmK3w'),
('seed_demo_grade_link_seed_demo_announcement_seed_demo_exam_4_seed_demo_classroom_11c', 'seed_demo_classroom_11c', 'seed_demo_announcement_seed_demo_exam_4_seed_demo_classroom_11c', 'user_3BkRu7sUOCzK9XnUI9pl6hmmK3w'),
('seed_demo_grade_link_seed_demo_announcement_seed_demo_exam_5_seed_demo_classroom_9a', 'seed_demo_classroom_9a', 'seed_demo_announcement_seed_demo_exam_5_seed_demo_classroom_9a', 'user_3BkRu7sUOCzK9XnUI9pl6hmmK3w'),
('seed_demo_grade_link_seed_demo_announcement_seed_demo_exam_5_seed_demo_classroom_10b', 'seed_demo_classroom_10b', 'seed_demo_announcement_seed_demo_exam_5_seed_demo_classroom_10b', 'user_3BkRu7sUOCzK9XnUI9pl6hmmK3w'),
('seed_demo_grade_link_seed_demo_announcement_seed_demo_exam_5_seed_demo_classroom_11c', 'seed_demo_classroom_11c', 'seed_demo_announcement_seed_demo_exam_5_seed_demo_classroom_11c', 'user_3BkRu7sUOCzK9XnUI9pl6hmmK3w');

INSERT INTO student_exam_submissions (id, studentId, examId, startedAt, submittedAt, totalQuestions, correctAnswers, scorePercent) VALUES
('seed_demo_submission_seed_demo_student_1_1_seed_demo_exam_1', 'seed_demo_student_1_1', 'seed_demo_exam_1', 1768028400000, 1768029480000, 6, 1, 17),
('seed_demo_submission_seed_demo_student_1_1_seed_demo_exam_2', 'seed_demo_student_1_1', 'seed_demo_exam_2', 1769238000000, 1769239260000, 6, 3, 50),
('seed_demo_submission_seed_demo_student_1_1_seed_demo_exam_3', 'seed_demo_student_1_1', 'seed_demo_exam_3', 1770447600000, 1770449040000, 6, 5, 83),
('seed_demo_submission_seed_demo_student_1_1_seed_demo_exam_4', 'seed_demo_student_1_1', 'seed_demo_exam_4', 1771657200000, 1771658820000, 6, 6, 100),
('seed_demo_submission_seed_demo_student_1_1_seed_demo_exam_5', 'seed_demo_student_1_1', 'seed_demo_exam_5', 1772866800000, 1772868600000, 6, 6, 100),
('seed_demo_submission_seed_demo_student_1_2_seed_demo_exam_1', 'seed_demo_student_1_2', 'seed_demo_exam_1', 1768032060000, 1768033200000, 6, 4, 67),
('seed_demo_submission_seed_demo_student_1_2_seed_demo_exam_2', 'seed_demo_student_1_2', 'seed_demo_exam_2', 1769241660000, 1769242980000, 6, 6, 100),
('seed_demo_submission_seed_demo_student_1_2_seed_demo_exam_3', 'seed_demo_student_1_2', 'seed_demo_exam_3', 1770451260000, 1770452760000, 6, 6, 100),
('seed_demo_submission_seed_demo_student_1_2_seed_demo_exam_4', 'seed_demo_student_1_2', 'seed_demo_exam_4', 1771660860000, 1771662540000, 6, 6, 100),
('seed_demo_submission_seed_demo_student_1_2_seed_demo_exam_5', 'seed_demo_student_1_2', 'seed_demo_exam_5', 1772870460000, 1772872320000, 6, 6, 100),
('seed_demo_submission_seed_demo_student_1_3_seed_demo_exam_1', 'seed_demo_student_1_3', 'seed_demo_exam_1', 1768035720000, 1768036920000, 6, 6, 100),
('seed_demo_submission_seed_demo_student_1_3_seed_demo_exam_2', 'seed_demo_student_1_3', 'seed_demo_exam_2', 1769245320000, 1769246700000, 6, 6, 100),
('seed_demo_submission_seed_demo_student_1_3_seed_demo_exam_3', 'seed_demo_student_1_3', 'seed_demo_exam_3', 1770454920000, 1770456480000, 6, 6, 100),
('seed_demo_submission_seed_demo_student_1_3_seed_demo_exam_4', 'seed_demo_student_1_3', 'seed_demo_exam_4', 1771664520000, 1771666260000, 6, 6, 100),
('seed_demo_submission_seed_demo_student_1_3_seed_demo_exam_5', 'seed_demo_student_1_3', 'seed_demo_exam_5', 1772874120000, 1772876040000, 6, 0, 0),
('seed_demo_submission_seed_demo_student_1_4_seed_demo_exam_1', 'seed_demo_student_1_4', 'seed_demo_exam_1', 1768039380000, 1768040640000, 6, 6, 100),
('seed_demo_submission_seed_demo_student_1_4_seed_demo_exam_2', 'seed_demo_student_1_4', 'seed_demo_exam_2', 1769248980000, 1769250420000, 6, 6, 100),
('seed_demo_submission_seed_demo_student_1_4_seed_demo_exam_3', 'seed_demo_student_1_4', 'seed_demo_exam_3', 1770458580000, 1770460200000, 6, 6, 100),
('seed_demo_submission_seed_demo_student_1_4_seed_demo_exam_4', 'seed_demo_student_1_4', 'seed_demo_exam_4', 1771668180000, 1771669980000, 6, 0, 0),
('seed_demo_submission_seed_demo_student_1_4_seed_demo_exam_5', 'seed_demo_student_1_4', 'seed_demo_exam_5', 1772877780000, 1772879760000, 6, 2, 33),
('seed_demo_submission_seed_demo_student_1_5_seed_demo_exam_1', 'seed_demo_student_1_5', 'seed_demo_exam_1', 1768043040000, 1768044360000, 6, 6, 100),
('seed_demo_submission_seed_demo_student_1_5_seed_demo_exam_2', 'seed_demo_student_1_5', 'seed_demo_exam_2', 1769252640000, 1769254140000, 6, 6, 100),
('seed_demo_submission_seed_demo_student_1_5_seed_demo_exam_3', 'seed_demo_student_1_5', 'seed_demo_exam_3', 1770462240000, 1770463920000, 6, 1, 17),
('seed_demo_submission_seed_demo_student_1_5_seed_demo_exam_4', 'seed_demo_student_1_5', 'seed_demo_exam_4', 1771671840000, 1771673700000, 6, 2, 33),
('seed_demo_submission_seed_demo_student_1_5_seed_demo_exam_5', 'seed_demo_student_1_5', 'seed_demo_exam_5', 1772881440000, 1772883480000, 6, 4, 67),
('seed_demo_submission_seed_demo_student_1_6_seed_demo_exam_1', 'seed_demo_student_1_6', 'seed_demo_exam_1', 1768028700000, 1768030080000, 6, 5, 83),
('seed_demo_submission_seed_demo_student_1_6_seed_demo_exam_2', 'seed_demo_student_1_6', 'seed_demo_exam_2', 1769238300000, 1769239860000, 6, 1, 17),
('seed_demo_submission_seed_demo_student_1_6_seed_demo_exam_3', 'seed_demo_student_1_6', 'seed_demo_exam_3', 1770447900000, 1770449640000, 6, 3, 50),
('seed_demo_submission_seed_demo_student_1_6_seed_demo_exam_4', 'seed_demo_student_1_6', 'seed_demo_exam_4', 1771657500000, 1771659420000, 6, 5, 83),
('seed_demo_submission_seed_demo_student_1_6_seed_demo_exam_5', 'seed_demo_student_1_6', 'seed_demo_exam_5', 1772867100000, 1772869200000, 6, 6, 100),
('seed_demo_submission_seed_demo_student_1_7_seed_demo_exam_1', 'seed_demo_student_1_7', 'seed_demo_exam_1', 1768032360000, 1768033800000, 6, 2, 33),
('seed_demo_submission_seed_demo_student_1_7_seed_demo_exam_2', 'seed_demo_student_1_7', 'seed_demo_exam_2', 1769241960000, 1769243580000, 6, 4, 67),
('seed_demo_submission_seed_demo_student_1_7_seed_demo_exam_3', 'seed_demo_student_1_7', 'seed_demo_exam_3', 1770451560000, 1770453360000, 6, 5, 83),
('seed_demo_submission_seed_demo_student_1_7_seed_demo_exam_4', 'seed_demo_student_1_7', 'seed_demo_exam_4', 1771661160000, 1771663140000, 6, 6, 100),
('seed_demo_submission_seed_demo_student_1_7_seed_demo_exam_5', 'seed_demo_student_1_7', 'seed_demo_exam_5', 1772870760000, 1772872920000, 6, 6, 100),
('seed_demo_submission_seed_demo_student_1_8_seed_demo_exam_1', 'seed_demo_student_1_8', 'seed_demo_exam_1', 1768036020000, 1768037520000, 6, 4, 67),
('seed_demo_submission_seed_demo_student_1_8_seed_demo_exam_2', 'seed_demo_student_1_8', 'seed_demo_exam_2', 1769245620000, 1769247300000, 6, 6, 100),
('seed_demo_submission_seed_demo_student_1_8_seed_demo_exam_3', 'seed_demo_student_1_8', 'seed_demo_exam_3', 1770455220000, 1770457080000, 6, 6, 100),
('seed_demo_submission_seed_demo_student_1_8_seed_demo_exam_4', 'seed_demo_student_1_8', 'seed_demo_exam_4', 1771664820000, 1771666860000, 6, 6, 100),
('seed_demo_submission_seed_demo_student_1_8_seed_demo_exam_5', 'seed_demo_student_1_8', 'seed_demo_exam_5', 1772874420000, 1772876640000, 6, 6, 100);

INSERT INTO student_exam_submissions (id, studentId, examId, startedAt, submittedAt, totalQuestions, correctAnswers, scorePercent) VALUES
('seed_demo_submission_seed_demo_student_1_9_seed_demo_exam_1', 'seed_demo_student_1_9', 'seed_demo_exam_1', 1768039680000, 1768040760000, 6, 6, 100),
('seed_demo_submission_seed_demo_student_1_9_seed_demo_exam_2', 'seed_demo_student_1_9', 'seed_demo_exam_2', 1769249280000, 1769250540000, 6, 6, 100),
('seed_demo_submission_seed_demo_student_1_9_seed_demo_exam_3', 'seed_demo_student_1_9', 'seed_demo_exam_3', 1770458880000, 1770460320000, 6, 6, 100),
('seed_demo_submission_seed_demo_student_1_9_seed_demo_exam_4', 'seed_demo_student_1_9', 'seed_demo_exam_4', 1771668480000, 1771670100000, 6, 6, 100),
('seed_demo_submission_seed_demo_student_1_9_seed_demo_exam_5', 'seed_demo_student_1_9', 'seed_demo_exam_5', 1772878080000, 1772879880000, 6, 0, 0),
('seed_demo_submission_seed_demo_student_1_10_seed_demo_exam_1', 'seed_demo_student_1_10', 'seed_demo_exam_1', 1768043340000, 1768044480000, 6, 6, 100),
('seed_demo_submission_seed_demo_student_1_10_seed_demo_exam_2', 'seed_demo_student_1_10', 'seed_demo_exam_2', 1769252940000, 1769254260000, 6, 6, 100),
('seed_demo_submission_seed_demo_student_1_10_seed_demo_exam_3', 'seed_demo_student_1_10', 'seed_demo_exam_3', 1770462540000, 1770464040000, 6, 6, 100),
('seed_demo_submission_seed_demo_student_1_10_seed_demo_exam_4', 'seed_demo_student_1_10', 'seed_demo_exam_4', 1771672140000, 1771673820000, 6, 0, 0),
('seed_demo_submission_seed_demo_student_1_10_seed_demo_exam_5', 'seed_demo_student_1_10', 'seed_demo_exam_5', 1772881740000, 1772883600000, 6, 2, 33),
('seed_demo_submission_seed_demo_student_1_11_seed_demo_exam_1', 'seed_demo_student_1_11', 'seed_demo_exam_1', 1768029000000, 1768030200000, 6, 6, 100),
('seed_demo_submission_seed_demo_student_1_11_seed_demo_exam_2', 'seed_demo_student_1_11', 'seed_demo_exam_2', 1769238600000, 1769239980000, 6, 6, 100),
('seed_demo_submission_seed_demo_student_1_11_seed_demo_exam_3', 'seed_demo_student_1_11', 'seed_demo_exam_3', 1770448200000, 1770449760000, 6, 1, 17),
('seed_demo_submission_seed_demo_student_1_11_seed_demo_exam_4', 'seed_demo_student_1_11', 'seed_demo_exam_4', 1771657800000, 1771659540000, 6, 3, 50),
('seed_demo_submission_seed_demo_student_1_11_seed_demo_exam_5', 'seed_demo_student_1_11', 'seed_demo_exam_5', 1772867400000, 1772869320000, 6, 5, 83),
('seed_demo_submission_seed_demo_student_1_12_seed_demo_exam_1', 'seed_demo_student_1_12', 'seed_demo_exam_1', 1768032660000, 1768033920000, 6, 5, 83),
('seed_demo_submission_seed_demo_student_1_12_seed_demo_exam_2', 'seed_demo_student_1_12', 'seed_demo_exam_2', 1769242260000, 1769243700000, 6, 1, 17),
('seed_demo_submission_seed_demo_student_1_12_seed_demo_exam_3', 'seed_demo_student_1_12', 'seed_demo_exam_3', 1770451860000, 1770453480000, 6, 3, 50),
('seed_demo_submission_seed_demo_student_1_12_seed_demo_exam_4', 'seed_demo_student_1_12', 'seed_demo_exam_4', 1771661460000, 1771663260000, 6, 5, 83),
('seed_demo_submission_seed_demo_student_1_12_seed_demo_exam_5', 'seed_demo_student_1_12', 'seed_demo_exam_5', 1772871060000, 1772873040000, 6, 6, 100),
('seed_demo_submission_seed_demo_student_2_1_seed_demo_exam_1', 'seed_demo_student_2_1', 'seed_demo_exam_1', 1768036320000, 1768037640000, 6, 2, 33),
('seed_demo_submission_seed_demo_student_2_1_seed_demo_exam_2', 'seed_demo_student_2_1', 'seed_demo_exam_2', 1769245920000, 1769247420000, 6, 4, 67),
('seed_demo_submission_seed_demo_student_2_1_seed_demo_exam_3', 'seed_demo_student_2_1', 'seed_demo_exam_3', 1770455520000, 1770457200000, 6, 6, 100),
('seed_demo_submission_seed_demo_student_2_1_seed_demo_exam_4', 'seed_demo_student_2_1', 'seed_demo_exam_4', 1771665120000, 1771666980000, 6, 6, 100),
('seed_demo_submission_seed_demo_student_2_1_seed_demo_exam_5', 'seed_demo_student_2_1', 'seed_demo_exam_5', 1772874720000, 1772876760000, 6, 6, 100),
('seed_demo_submission_seed_demo_student_2_2_seed_demo_exam_1', 'seed_demo_student_2_2', 'seed_demo_exam_1', 1768039980000, 1768041360000, 6, 4, 67),
('seed_demo_submission_seed_demo_student_2_2_seed_demo_exam_2', 'seed_demo_student_2_2', 'seed_demo_exam_2', 1769249580000, 1769251140000, 6, 6, 100),
('seed_demo_submission_seed_demo_student_2_2_seed_demo_exam_3', 'seed_demo_student_2_2', 'seed_demo_exam_3', 1770459180000, 1770460920000, 6, 6, 100),
('seed_demo_submission_seed_demo_student_2_2_seed_demo_exam_4', 'seed_demo_student_2_2', 'seed_demo_exam_4', 1771668780000, 1771670700000, 6, 6, 100),
('seed_demo_submission_seed_demo_student_2_2_seed_demo_exam_5', 'seed_demo_student_2_2', 'seed_demo_exam_5', 1772878380000, 1772880480000, 6, 6, 100),
('seed_demo_submission_seed_demo_student_2_3_seed_demo_exam_1', 'seed_demo_student_2_3', 'seed_demo_exam_1', 1768043640000, 1768045080000, 6, 6, 100),
('seed_demo_submission_seed_demo_student_2_3_seed_demo_exam_2', 'seed_demo_student_2_3', 'seed_demo_exam_2', 1769253240000, 1769254860000, 6, 6, 100),
('seed_demo_submission_seed_demo_student_2_3_seed_demo_exam_3', 'seed_demo_student_2_3', 'seed_demo_exam_3', 1770462840000, 1770464640000, 6, 6, 100),
('seed_demo_submission_seed_demo_student_2_3_seed_demo_exam_4', 'seed_demo_student_2_3', 'seed_demo_exam_4', 1771672440000, 1771674420000, 6, 6, 100),
('seed_demo_submission_seed_demo_student_2_3_seed_demo_exam_5', 'seed_demo_student_2_3', 'seed_demo_exam_5', 1772882040000, 1772884200000, 6, 0, 0),
('seed_demo_submission_seed_demo_student_2_4_seed_demo_exam_1', 'seed_demo_student_2_4', 'seed_demo_exam_1', 1768029300000, 1768030800000, 6, 6, 100),
('seed_demo_submission_seed_demo_student_2_4_seed_demo_exam_2', 'seed_demo_student_2_4', 'seed_demo_exam_2', 1769238900000, 1769240580000, 6, 6, 100),
('seed_demo_submission_seed_demo_student_2_4_seed_demo_exam_3', 'seed_demo_student_2_4', 'seed_demo_exam_3', 1770448500000, 1770450360000, 6, 6, 100),
('seed_demo_submission_seed_demo_student_2_4_seed_demo_exam_4', 'seed_demo_student_2_4', 'seed_demo_exam_4', 1771658100000, 1771660140000, 6, 1, 17),
('seed_demo_submission_seed_demo_student_2_4_seed_demo_exam_5', 'seed_demo_student_2_4', 'seed_demo_exam_5', 1772867700000, 1772869920000, 6, 2, 33);

INSERT INTO student_exam_submissions (id, studentId, examId, startedAt, submittedAt, totalQuestions, correctAnswers, scorePercent) VALUES
('seed_demo_submission_seed_demo_student_2_5_seed_demo_exam_1', 'seed_demo_student_2_5', 'seed_demo_exam_1', 1768032960000, 1768034040000, 6, 5, 83),
('seed_demo_submission_seed_demo_student_2_5_seed_demo_exam_2', 'seed_demo_student_2_5', 'seed_demo_exam_2', 1769242560000, 1769243820000, 6, 5, 83),
('seed_demo_submission_seed_demo_student_2_5_seed_demo_exam_3', 'seed_demo_student_2_5', 'seed_demo_exam_3', 1770452160000, 1770453600000, 6, 1, 17),
('seed_demo_submission_seed_demo_student_2_5_seed_demo_exam_4', 'seed_demo_student_2_5', 'seed_demo_exam_4', 1771661760000, 1771663380000, 6, 3, 50),
('seed_demo_submission_seed_demo_student_2_5_seed_demo_exam_5', 'seed_demo_student_2_5', 'seed_demo_exam_5', 1772871360000, 1772873160000, 6, 5, 83),
('seed_demo_submission_seed_demo_student_2_6_seed_demo_exam_1', 'seed_demo_student_2_6', 'seed_demo_exam_1', 1768036620000, 1768037760000, 6, 5, 83),
('seed_demo_submission_seed_demo_student_2_6_seed_demo_exam_2', 'seed_demo_student_2_6', 'seed_demo_exam_2', 1769246220000, 1769247540000, 6, 2, 33),
('seed_demo_submission_seed_demo_student_2_6_seed_demo_exam_3', 'seed_demo_student_2_6', 'seed_demo_exam_3', 1770455820000, 1770457320000, 6, 4, 67),
('seed_demo_submission_seed_demo_student_2_6_seed_demo_exam_4', 'seed_demo_student_2_6', 'seed_demo_exam_4', 1771665420000, 1771667100000, 6, 5, 83),
('seed_demo_submission_seed_demo_student_2_6_seed_demo_exam_5', 'seed_demo_student_2_6', 'seed_demo_exam_5', 1772875020000, 1772876880000, 6, 6, 100),
('seed_demo_submission_seed_demo_student_2_7_seed_demo_exam_1', 'seed_demo_student_2_7', 'seed_demo_exam_1', 1768040280000, 1768041480000, 6, 2, 33),
('seed_demo_submission_seed_demo_student_2_7_seed_demo_exam_2', 'seed_demo_student_2_7', 'seed_demo_exam_2', 1769249880000, 1769251260000, 6, 4, 67),
('seed_demo_submission_seed_demo_student_2_7_seed_demo_exam_3', 'seed_demo_student_2_7', 'seed_demo_exam_3', 1770459480000, 1770461040000, 6, 6, 100),
('seed_demo_submission_seed_demo_student_2_7_seed_demo_exam_4', 'seed_demo_student_2_7', 'seed_demo_exam_4', 1771669080000, 1771670820000, 6, 6, 100),
('seed_demo_submission_seed_demo_student_2_7_seed_demo_exam_5', 'seed_demo_student_2_7', 'seed_demo_exam_5', 1772878680000, 1772880600000, 6, 6, 100),
('seed_demo_submission_seed_demo_student_2_8_seed_demo_exam_1', 'seed_demo_student_2_8', 'seed_demo_exam_1', 1768043940000, 1768045200000, 6, 5, 83),
('seed_demo_submission_seed_demo_student_2_8_seed_demo_exam_2', 'seed_demo_student_2_8', 'seed_demo_exam_2', 1769253540000, 1769254980000, 6, 6, 100),
('seed_demo_submission_seed_demo_student_2_8_seed_demo_exam_3', 'seed_demo_student_2_8', 'seed_demo_exam_3', 1770463140000, 1770464760000, 6, 6, 100),
('seed_demo_submission_seed_demo_student_2_8_seed_demo_exam_4', 'seed_demo_student_2_8', 'seed_demo_exam_4', 1771672740000, 1771674540000, 6, 6, 100),
('seed_demo_submission_seed_demo_student_2_8_seed_demo_exam_5', 'seed_demo_student_2_8', 'seed_demo_exam_5', 1772882340000, 1772884320000, 6, 6, 100),
('seed_demo_submission_seed_demo_student_2_9_seed_demo_exam_1', 'seed_demo_student_2_9', 'seed_demo_exam_1', 1768029600000, 1768030920000, 6, 6, 100),
('seed_demo_submission_seed_demo_student_2_9_seed_demo_exam_2', 'seed_demo_student_2_9', 'seed_demo_exam_2', 1769239200000, 1769240700000, 6, 6, 100),
('seed_demo_submission_seed_demo_student_2_9_seed_demo_exam_3', 'seed_demo_student_2_9', 'seed_demo_exam_3', 1770448800000, 1770450480000, 6, 6, 100),
('seed_demo_submission_seed_demo_student_2_9_seed_demo_exam_4', 'seed_demo_student_2_9', 'seed_demo_exam_4', 1771658400000, 1771660260000, 6, 6, 100),
('seed_demo_submission_seed_demo_student_2_9_seed_demo_exam_5', 'seed_demo_student_2_9', 'seed_demo_exam_5', 1772868000000, 1772870040000, 6, 0, 0),
('seed_demo_submission_seed_demo_student_2_10_seed_demo_exam_1', 'seed_demo_student_2_10', 'seed_demo_exam_1', 1768033260000, 1768034640000, 6, 6, 100),
('seed_demo_submission_seed_demo_student_2_10_seed_demo_exam_2', 'seed_demo_student_2_10', 'seed_demo_exam_2', 1769242860000, 1769244420000, 6, 6, 100),
('seed_demo_submission_seed_demo_student_2_10_seed_demo_exam_3', 'seed_demo_student_2_10', 'seed_demo_exam_3', 1770452460000, 1770454200000, 6, 6, 100),
('seed_demo_submission_seed_demo_student_2_10_seed_demo_exam_4', 'seed_demo_student_2_10', 'seed_demo_exam_4', 1771662060000, 1771663980000, 6, 1, 17),
('seed_demo_submission_seed_demo_student_2_10_seed_demo_exam_5', 'seed_demo_student_2_10', 'seed_demo_exam_5', 1772871660000, 1772873760000, 6, 3, 50),
('seed_demo_submission_seed_demo_student_2_11_seed_demo_exam_1', 'seed_demo_student_2_11', 'seed_demo_exam_1', 1768036920000, 1768038360000, 6, 5, 83),
('seed_demo_submission_seed_demo_student_2_11_seed_demo_exam_2', 'seed_demo_student_2_11', 'seed_demo_exam_2', 1769246520000, 1769248140000, 6, 5, 83),
('seed_demo_submission_seed_demo_student_2_11_seed_demo_exam_3', 'seed_demo_student_2_11', 'seed_demo_exam_3', 1770456120000, 1770457920000, 6, 1, 17),
('seed_demo_submission_seed_demo_student_2_11_seed_demo_exam_4', 'seed_demo_student_2_11', 'seed_demo_exam_4', 1771665720000, 1771667700000, 6, 3, 50),
('seed_demo_submission_seed_demo_student_2_11_seed_demo_exam_5', 'seed_demo_student_2_11', 'seed_demo_exam_5', 1772875320000, 1772877480000, 6, 5, 83),
('seed_demo_submission_seed_demo_student_2_12_seed_demo_exam_1', 'seed_demo_student_2_12', 'seed_demo_exam_1', 1768040580000, 1768042080000, 6, 4, 67),
('seed_demo_submission_seed_demo_student_2_12_seed_demo_exam_2', 'seed_demo_student_2_12', 'seed_demo_exam_2', 1769250180000, 1769251860000, 6, 2, 33),
('seed_demo_submission_seed_demo_student_2_12_seed_demo_exam_3', 'seed_demo_student_2_12', 'seed_demo_exam_3', 1770459780000, 1770461640000, 6, 4, 67),
('seed_demo_submission_seed_demo_student_2_12_seed_demo_exam_4', 'seed_demo_student_2_12', 'seed_demo_exam_4', 1771669380000, 1771671420000, 6, 6, 100),
('seed_demo_submission_seed_demo_student_2_12_seed_demo_exam_5', 'seed_demo_student_2_12', 'seed_demo_exam_5', 1772878980000, 1772881200000, 6, 6, 100);

INSERT INTO student_exam_submissions (id, studentId, examId, startedAt, submittedAt, totalQuestions, correctAnswers, scorePercent) VALUES
('seed_demo_submission_seed_demo_student_3_1_seed_demo_exam_1', 'seed_demo_student_3_1', 'seed_demo_exam_1', 1768044240000, 1768045320000, 6, 3, 50),
('seed_demo_submission_seed_demo_student_3_1_seed_demo_exam_2', 'seed_demo_student_3_1', 'seed_demo_exam_2', 1769253840000, 1769255100000, 6, 4, 67),
('seed_demo_submission_seed_demo_student_3_1_seed_demo_exam_3', 'seed_demo_student_3_1', 'seed_demo_exam_3', 1770463440000, 1770464880000, 6, 6, 100),
('seed_demo_submission_seed_demo_student_3_1_seed_demo_exam_4', 'seed_demo_student_3_1', 'seed_demo_exam_4', 1771673040000, 1771674660000, 6, 6, 100),
('seed_demo_submission_seed_demo_student_3_1_seed_demo_exam_5', 'seed_demo_student_3_1', 'seed_demo_exam_5', 1772882640000, 1772884440000, 6, 6, 100),
('seed_demo_submission_seed_demo_student_3_2_seed_demo_exam_1', 'seed_demo_student_3_2', 'seed_demo_exam_1', 1768029900000, 1768031040000, 6, 5, 83),
('seed_demo_submission_seed_demo_student_3_2_seed_demo_exam_2', 'seed_demo_student_3_2', 'seed_demo_exam_2', 1769239500000, 1769240820000, 6, 6, 100),
('seed_demo_submission_seed_demo_student_3_2_seed_demo_exam_3', 'seed_demo_student_3_2', 'seed_demo_exam_3', 1770449100000, 1770450600000, 6, 6, 100),
('seed_demo_submission_seed_demo_student_3_2_seed_demo_exam_4', 'seed_demo_student_3_2', 'seed_demo_exam_4', 1771658700000, 1771660380000, 6, 6, 100),
('seed_demo_submission_seed_demo_student_3_2_seed_demo_exam_5', 'seed_demo_student_3_2', 'seed_demo_exam_5', 1772868300000, 1772870160000, 6, 6, 100),
('seed_demo_submission_seed_demo_student_3_3_seed_demo_exam_1', 'seed_demo_student_3_3', 'seed_demo_exam_1', 1768033560000, 1768034760000, 6, 6, 100),
('seed_demo_submission_seed_demo_student_3_3_seed_demo_exam_2', 'seed_demo_student_3_3', 'seed_demo_exam_2', 1769243160000, 1769244540000, 6, 6, 100),
('seed_demo_submission_seed_demo_student_3_3_seed_demo_exam_3', 'seed_demo_student_3_3', 'seed_demo_exam_3', 1770452760000, 1770454320000, 6, 6, 100),
('seed_demo_submission_seed_demo_student_3_3_seed_demo_exam_4', 'seed_demo_student_3_3', 'seed_demo_exam_4', 1771662360000, 1771664100000, 6, 6, 100),
('seed_demo_submission_seed_demo_student_3_3_seed_demo_exam_5', 'seed_demo_student_3_3', 'seed_demo_exam_5', 1772871960000, 1772873880000, 6, 1, 17),
('seed_demo_submission_seed_demo_student_3_4_seed_demo_exam_1', 'seed_demo_student_3_4', 'seed_demo_exam_1', 1768037220000, 1768038480000, 6, 5, 83),
('seed_demo_submission_seed_demo_student_3_4_seed_demo_exam_2', 'seed_demo_student_3_4', 'seed_demo_exam_2', 1769246820000, 1769248260000, 6, 5, 83),
('seed_demo_submission_seed_demo_student_3_4_seed_demo_exam_3', 'seed_demo_student_3_4', 'seed_demo_exam_3', 1770456420000, 1770458040000, 6, 5, 83),
('seed_demo_submission_seed_demo_student_3_4_seed_demo_exam_4', 'seed_demo_student_3_4', 'seed_demo_exam_4', 1771666020000, 1771667820000, 6, 1, 17),
('seed_demo_submission_seed_demo_student_3_4_seed_demo_exam_5', 'seed_demo_student_3_4', 'seed_demo_exam_5', 1772875620000, 1772877600000, 6, 3, 50),
('seed_demo_submission_seed_demo_student_3_5_seed_demo_exam_1', 'seed_demo_student_3_5', 'seed_demo_exam_1', 1768040880000, 1768042200000, 6, 5, 83),
('seed_demo_submission_seed_demo_student_3_5_seed_demo_exam_2', 'seed_demo_student_3_5', 'seed_demo_exam_2', 1769250480000, 1769251980000, 6, 5, 83),
('seed_demo_submission_seed_demo_student_3_5_seed_demo_exam_3', 'seed_demo_student_3_5', 'seed_demo_exam_3', 1770460080000, 1770461760000, 6, 2, 33),
('seed_demo_submission_seed_demo_student_3_5_seed_demo_exam_4', 'seed_demo_student_3_5', 'seed_demo_exam_4', 1771669680000, 1771671540000, 6, 4, 67),
('seed_demo_submission_seed_demo_student_3_5_seed_demo_exam_5', 'seed_demo_student_3_5', 'seed_demo_exam_5', 1772879280000, 1772881320000, 6, 5, 83),
('seed_demo_submission_seed_demo_student_3_6_seed_demo_exam_1', 'seed_demo_student_3_6', 'seed_demo_exam_1', 1768044540000, 1768045920000, 6, 4, 67),
('seed_demo_submission_seed_demo_student_3_6_seed_demo_exam_2', 'seed_demo_student_3_6', 'seed_demo_exam_2', 1769254140000, 1769255700000, 6, 2, 33),
('seed_demo_submission_seed_demo_student_3_6_seed_demo_exam_3', 'seed_demo_student_3_6', 'seed_demo_exam_3', 1770463740000, 1770465480000, 6, 4, 67),
('seed_demo_submission_seed_demo_student_3_6_seed_demo_exam_4', 'seed_demo_student_3_6', 'seed_demo_exam_4', 1771673340000, 1771675260000, 6, 6, 100),
('seed_demo_submission_seed_demo_student_3_6_seed_demo_exam_5', 'seed_demo_student_3_6', 'seed_demo_exam_5', 1772882940000, 1772885040000, 6, 6, 100),
('seed_demo_submission_seed_demo_student_3_7_seed_demo_exam_1', 'seed_demo_student_3_7', 'seed_demo_exam_1', 1768030200000, 1768031640000, 6, 3, 50),
('seed_demo_submission_seed_demo_student_3_7_seed_demo_exam_2', 'seed_demo_student_3_7', 'seed_demo_exam_2', 1769239800000, 1769241420000, 6, 5, 83),
('seed_demo_submission_seed_demo_student_3_7_seed_demo_exam_3', 'seed_demo_student_3_7', 'seed_demo_exam_3', 1770449400000, 1770451200000, 6, 6, 100),
('seed_demo_submission_seed_demo_student_3_7_seed_demo_exam_4', 'seed_demo_student_3_7', 'seed_demo_exam_4', 1771659000000, 1771660980000, 6, 6, 100),
('seed_demo_submission_seed_demo_student_3_7_seed_demo_exam_5', 'seed_demo_student_3_7', 'seed_demo_exam_5', 1772868600000, 1772870760000, 6, 6, 100),
('seed_demo_submission_seed_demo_student_3_8_seed_demo_exam_1', 'seed_demo_student_3_8', 'seed_demo_exam_1', 1768033860000, 1768035360000, 6, 5, 83),
('seed_demo_submission_seed_demo_student_3_8_seed_demo_exam_2', 'seed_demo_student_3_8', 'seed_demo_exam_2', 1769243460000, 1769245140000, 6, 6, 100),
('seed_demo_submission_seed_demo_student_3_8_seed_demo_exam_3', 'seed_demo_student_3_8', 'seed_demo_exam_3', 1770453060000, 1770454920000, 6, 6, 100),
('seed_demo_submission_seed_demo_student_3_8_seed_demo_exam_4', 'seed_demo_student_3_8', 'seed_demo_exam_4', 1771662660000, 1771664700000, 6, 6, 100),
('seed_demo_submission_seed_demo_student_3_8_seed_demo_exam_5', 'seed_demo_student_3_8', 'seed_demo_exam_5', 1772872260000, 1772874480000, 6, 6, 100);

INSERT INTO student_exam_submissions (id, studentId, examId, startedAt, submittedAt, totalQuestions, correctAnswers, scorePercent) VALUES
('seed_demo_submission_seed_demo_student_3_9_seed_demo_exam_1', 'seed_demo_student_3_9', 'seed_demo_exam_1', 1768037520000, 1768038600000, 6, 6, 100),
('seed_demo_submission_seed_demo_student_3_9_seed_demo_exam_2', 'seed_demo_student_3_9', 'seed_demo_exam_2', 1769247120000, 1769248380000, 6, 6, 100),
('seed_demo_submission_seed_demo_student_3_9_seed_demo_exam_3', 'seed_demo_student_3_9', 'seed_demo_exam_3', 1770456720000, 1770458160000, 6, 6, 100),
('seed_demo_submission_seed_demo_student_3_9_seed_demo_exam_4', 'seed_demo_student_3_9', 'seed_demo_exam_4', 1771666320000, 1771667940000, 6, 6, 100),
('seed_demo_submission_seed_demo_student_3_9_seed_demo_exam_5', 'seed_demo_student_3_9', 'seed_demo_exam_5', 1772875920000, 1772877720000, 6, 1, 17),
('seed_demo_submission_seed_demo_student_3_10_seed_demo_exam_1', 'seed_demo_student_3_10', 'seed_demo_exam_1', 1768041180000, 1768042320000, 6, 5, 83),
('seed_demo_submission_seed_demo_student_3_10_seed_demo_exam_2', 'seed_demo_student_3_10', 'seed_demo_exam_2', 1769250780000, 1769252100000, 6, 5, 83),
('seed_demo_submission_seed_demo_student_3_10_seed_demo_exam_3', 'seed_demo_student_3_10', 'seed_demo_exam_3', 1770460380000, 1770461880000, 6, 5, 83),
('seed_demo_submission_seed_demo_student_3_10_seed_demo_exam_4', 'seed_demo_student_3_10', 'seed_demo_exam_4', 1771669980000, 1771671660000, 6, 1, 17),
('seed_demo_submission_seed_demo_student_3_10_seed_demo_exam_5', 'seed_demo_student_3_10', 'seed_demo_exam_5', 1772879580000, 1772881440000, 6, 3, 50),
('seed_demo_submission_seed_demo_student_3_11_seed_demo_exam_1', 'seed_demo_student_3_11', 'seed_demo_exam_1', 1768044840000, 1768046040000, 6, 5, 83),
('seed_demo_submission_seed_demo_student_3_11_seed_demo_exam_2', 'seed_demo_student_3_11', 'seed_demo_exam_2', 1769254440000, 1769255820000, 6, 4, 67),
('seed_demo_submission_seed_demo_student_3_11_seed_demo_exam_3', 'seed_demo_student_3_11', 'seed_demo_exam_3', 1770464040000, 1770465600000, 6, 2, 33),
('seed_demo_submission_seed_demo_student_3_11_seed_demo_exam_4', 'seed_demo_student_3_11', 'seed_demo_exam_4', 1771673640000, 1771675380000, 6, 4, 67),
('seed_demo_submission_seed_demo_student_3_11_seed_demo_exam_5', 'seed_demo_student_3_11', 'seed_demo_exam_5', 1772883240000, 1772885160000, 6, 6, 100),
('seed_demo_submission_seed_demo_student_3_12_seed_demo_exam_1', 'seed_demo_student_3_12', 'seed_demo_exam_1', 1768030500000, 1768031760000, 6, 5, 83),
('seed_demo_submission_seed_demo_student_3_12_seed_demo_exam_2', 'seed_demo_student_3_12', 'seed_demo_exam_2', 1769240100000, 1769241540000, 6, 3, 50),
('seed_demo_submission_seed_demo_student_3_12_seed_demo_exam_3', 'seed_demo_student_3_12', 'seed_demo_exam_3', 1770449700000, 1770451320000, 6, 4, 67),
('seed_demo_submission_seed_demo_student_3_12_seed_demo_exam_4', 'seed_demo_student_3_12', 'seed_demo_exam_4', 1771659300000, 1771661100000, 6, 6, 100),
('seed_demo_submission_seed_demo_student_3_12_seed_demo_exam_5', 'seed_demo_student_3_12', 'seed_demo_exam_5', 1772868900000, 1772870880000, 6, 6, 100);

INSERT INTO student_exam_answers (id, submissionId, questionId, selectedChoiceId, answerText, isCorrect) VALUES
('seed_demo_answer_seed_demo_submission_seed_demo_student_1_1_seed_demo_exam_1_seed_demo_question_1_1', 'seed_demo_submission_seed_demo_student_1_1_seed_demo_exam_1', 'seed_demo_question_1_1', 'seed_demo_question_1_1_choice_b', NULL, 0),
('seed_demo_answer_seed_demo_submission_seed_demo_student_1_1_seed_demo_exam_1_seed_demo_question_1_2', 'seed_demo_submission_seed_demo_student_1_1_seed_demo_exam_1', 'seed_demo_question_1_2', 'seed_demo_question_1_2_choice_d', NULL, 0),
('seed_demo_answer_seed_demo_submission_seed_demo_student_1_1_seed_demo_exam_1_seed_demo_question_1_3', 'seed_demo_submission_seed_demo_student_1_1_seed_demo_exam_1', 'seed_demo_question_1_3', 'seed_demo_question_1_3_choice_b', NULL, 0),
('seed_demo_answer_seed_demo_submission_seed_demo_student_1_1_seed_demo_exam_1_seed_demo_question_1_4', 'seed_demo_submission_seed_demo_student_1_1_seed_demo_exam_1', 'seed_demo_question_1_4', 'seed_demo_question_1_4_choice_a', NULL, 0),
('seed_demo_answer_seed_demo_submission_seed_demo_student_1_1_seed_demo_exam_1_seed_demo_question_1_5', 'seed_demo_submission_seed_demo_student_1_1_seed_demo_exam_1', 'seed_demo_question_1_5', 'seed_demo_question_1_5_choice_c', NULL, 0),
('seed_demo_answer_seed_demo_submission_seed_demo_student_1_1_seed_demo_exam_1_seed_demo_question_1_6', 'seed_demo_submission_seed_demo_student_1_1_seed_demo_exam_1', 'seed_demo_question_1_6', 'seed_demo_question_1_6_choice_b', NULL, 1),
('seed_demo_answer_seed_demo_submission_seed_demo_student_1_1_seed_demo_exam_2_seed_demo_question_2_1', 'seed_demo_submission_seed_demo_student_1_1_seed_demo_exam_2', 'seed_demo_question_2_1', 'seed_demo_question_2_1_choice_d', NULL, 0),
('seed_demo_answer_seed_demo_submission_seed_demo_student_1_1_seed_demo_exam_2_seed_demo_question_2_2', 'seed_demo_submission_seed_demo_student_1_1_seed_demo_exam_2', 'seed_demo_question_2_2', 'seed_demo_question_2_2_choice_b', NULL, 0),
('seed_demo_answer_seed_demo_submission_seed_demo_student_1_1_seed_demo_exam_2_seed_demo_question_2_3', 'seed_demo_submission_seed_demo_student_1_1_seed_demo_exam_2', 'seed_demo_question_2_3', 'seed_demo_question_2_3_choice_a', NULL, 0),
('seed_demo_answer_seed_demo_submission_seed_demo_student_1_1_seed_demo_exam_2_seed_demo_question_2_4', 'seed_demo_submission_seed_demo_student_1_1_seed_demo_exam_2', 'seed_demo_question_2_4', 'seed_demo_question_2_4_choice_a', NULL, 1),
('seed_demo_answer_seed_demo_submission_seed_demo_student_1_1_seed_demo_exam_2_seed_demo_question_2_5', 'seed_demo_submission_seed_demo_student_1_1_seed_demo_exam_2', 'seed_demo_question_2_5', 'seed_demo_question_2_5_choice_b', NULL, 1),
('seed_demo_answer_seed_demo_submission_seed_demo_student_1_1_seed_demo_exam_2_seed_demo_question_2_6', 'seed_demo_submission_seed_demo_student_1_1_seed_demo_exam_2', 'seed_demo_question_2_6', 'seed_demo_question_2_6_choice_c', NULL, 1),
('seed_demo_answer_seed_demo_submission_seed_demo_student_1_1_seed_demo_exam_3_seed_demo_question_3_1', 'seed_demo_submission_seed_demo_student_1_1_seed_demo_exam_3', 'seed_demo_question_3_1', 'seed_demo_question_3_1_choice_b', NULL, 0),
('seed_demo_answer_seed_demo_submission_seed_demo_student_1_1_seed_demo_exam_3_seed_demo_question_3_2', 'seed_demo_submission_seed_demo_student_1_1_seed_demo_exam_3', 'seed_demo_question_3_2', 'seed_demo_question_3_2_choice_d', NULL, 1),
('seed_demo_answer_seed_demo_submission_seed_demo_student_1_1_seed_demo_exam_3_seed_demo_question_3_3', 'seed_demo_submission_seed_demo_student_1_1_seed_demo_exam_3', 'seed_demo_question_3_3', 'seed_demo_question_3_3_choice_a', NULL, 1),
('seed_demo_answer_seed_demo_submission_seed_demo_student_1_1_seed_demo_exam_3_seed_demo_question_3_4', 'seed_demo_submission_seed_demo_student_1_1_seed_demo_exam_3', 'seed_demo_question_3_4', 'seed_demo_question_3_4_choice_b', NULL, 1),
('seed_demo_answer_seed_demo_submission_seed_demo_student_1_1_seed_demo_exam_3_seed_demo_question_3_5', 'seed_demo_submission_seed_demo_student_1_1_seed_demo_exam_3', 'seed_demo_question_3_5', 'seed_demo_question_3_5_choice_c', NULL, 1),
('seed_demo_answer_seed_demo_submission_seed_demo_student_1_1_seed_demo_exam_3_seed_demo_question_3_6', 'seed_demo_submission_seed_demo_student_1_1_seed_demo_exam_3', 'seed_demo_question_3_6', 'seed_demo_question_3_6_choice_d', NULL, 1),
('seed_demo_answer_seed_demo_submission_seed_demo_student_1_1_seed_demo_exam_4_seed_demo_question_4_1', 'seed_demo_submission_seed_demo_student_1_1_seed_demo_exam_4', 'seed_demo_question_4_1', 'seed_demo_question_4_1_choice_d', NULL, 1),
('seed_demo_answer_seed_demo_submission_seed_demo_student_1_1_seed_demo_exam_4_seed_demo_question_4_2', 'seed_demo_submission_seed_demo_student_1_1_seed_demo_exam_4', 'seed_demo_question_4_2', 'seed_demo_question_4_2_choice_a', NULL, 1),
('seed_demo_answer_seed_demo_submission_seed_demo_student_1_1_seed_demo_exam_4_seed_demo_question_4_3', 'seed_demo_submission_seed_demo_student_1_1_seed_demo_exam_4', 'seed_demo_question_4_3', 'seed_demo_question_4_3_choice_b', NULL, 1),
('seed_demo_answer_seed_demo_submission_seed_demo_student_1_1_seed_demo_exam_4_seed_demo_question_4_4', 'seed_demo_submission_seed_demo_student_1_1_seed_demo_exam_4', 'seed_demo_question_4_4', 'seed_demo_question_4_4_choice_c', NULL, 1),
('seed_demo_answer_seed_demo_submission_seed_demo_student_1_1_seed_demo_exam_4_seed_demo_question_4_5', 'seed_demo_submission_seed_demo_student_1_1_seed_demo_exam_4', 'seed_demo_question_4_5', 'seed_demo_question_4_5_choice_d', NULL, 1),
('seed_demo_answer_seed_demo_submission_seed_demo_student_1_1_seed_demo_exam_4_seed_demo_question_4_6', 'seed_demo_submission_seed_demo_student_1_1_seed_demo_exam_4', 'seed_demo_question_4_6', 'seed_demo_question_4_6_choice_a', NULL, 1),
('seed_demo_answer_seed_demo_submission_seed_demo_student_1_1_seed_demo_exam_5_seed_demo_question_5_1', 'seed_demo_submission_seed_demo_student_1_1_seed_demo_exam_5', 'seed_demo_question_5_1', 'seed_demo_question_5_1_choice_a', NULL, 1),
('seed_demo_answer_seed_demo_submission_seed_demo_student_1_1_seed_demo_exam_5_seed_demo_question_5_2', 'seed_demo_submission_seed_demo_student_1_1_seed_demo_exam_5', 'seed_demo_question_5_2', 'seed_demo_question_5_2_choice_b', NULL, 1),
('seed_demo_answer_seed_demo_submission_seed_demo_student_1_1_seed_demo_exam_5_seed_demo_question_5_3', 'seed_demo_submission_seed_demo_student_1_1_seed_demo_exam_5', 'seed_demo_question_5_3', 'seed_demo_question_5_3_choice_c', NULL, 1),
('seed_demo_answer_seed_demo_submission_seed_demo_student_1_1_seed_demo_exam_5_seed_demo_question_5_4', 'seed_demo_submission_seed_demo_student_1_1_seed_demo_exam_5', 'seed_demo_question_5_4', 'seed_demo_question_5_4_choice_d', NULL, 1),
('seed_demo_answer_seed_demo_submission_seed_demo_student_1_1_seed_demo_exam_5_seed_demo_question_5_5', 'seed_demo_submission_seed_demo_student_1_1_seed_demo_exam_5', 'seed_demo_question_5_5', 'seed_demo_question_5_5_choice_a', NULL, 1),
('seed_demo_answer_seed_demo_submission_seed_demo_student_1_1_seed_demo_exam_5_seed_demo_question_5_6', 'seed_demo_submission_seed_demo_student_1_1_seed_demo_exam_5', 'seed_demo_question_5_6', 'seed_demo_question_5_6_choice_b', NULL, 1),
('seed_demo_answer_seed_demo_submission_seed_demo_student_1_2_seed_demo_exam_1_seed_demo_question_1_1', 'seed_demo_submission_seed_demo_student_1_2_seed_demo_exam_1', 'seed_demo_question_1_1', 'seed_demo_question_1_1_choice_c', NULL, 0),
('seed_demo_answer_seed_demo_submission_seed_demo_student_1_2_seed_demo_exam_1_seed_demo_question_1_2', 'seed_demo_submission_seed_demo_student_1_2_seed_demo_exam_1', 'seed_demo_question_1_2', 'seed_demo_question_1_2_choice_a', NULL, 0),
('seed_demo_answer_seed_demo_submission_seed_demo_student_1_2_seed_demo_exam_1_seed_demo_question_1_3', 'seed_demo_submission_seed_demo_student_1_2_seed_demo_exam_1', 'seed_demo_question_1_3', 'seed_demo_question_1_3_choice_c', NULL, 1),
('seed_demo_answer_seed_demo_submission_seed_demo_student_1_2_seed_demo_exam_1_seed_demo_question_1_4', 'seed_demo_submission_seed_demo_student_1_2_seed_demo_exam_1', 'seed_demo_question_1_4', 'seed_demo_question_1_4_choice_d', NULL, 1),
('seed_demo_answer_seed_demo_submission_seed_demo_student_1_2_seed_demo_exam_1_seed_demo_question_1_5', 'seed_demo_submission_seed_demo_student_1_2_seed_demo_exam_1', 'seed_demo_question_1_5', 'seed_demo_question_1_5_choice_a', NULL, 1),
('seed_demo_answer_seed_demo_submission_seed_demo_student_1_2_seed_demo_exam_1_seed_demo_question_1_6', 'seed_demo_submission_seed_demo_student_1_2_seed_demo_exam_1', 'seed_demo_question_1_6', 'seed_demo_question_1_6_choice_b', NULL, 1),
('seed_demo_answer_seed_demo_submission_seed_demo_student_1_2_seed_demo_exam_2_seed_demo_question_2_1', 'seed_demo_submission_seed_demo_student_1_2_seed_demo_exam_2', 'seed_demo_question_2_1', 'seed_demo_question_2_1_choice_b', NULL, 1),
('seed_demo_answer_seed_demo_submission_seed_demo_student_1_2_seed_demo_exam_2_seed_demo_question_2_2', 'seed_demo_submission_seed_demo_student_1_2_seed_demo_exam_2', 'seed_demo_question_2_2', 'seed_demo_question_2_2_choice_c', NULL, 1),
('seed_demo_answer_seed_demo_submission_seed_demo_student_1_2_seed_demo_exam_2_seed_demo_question_2_3', 'seed_demo_submission_seed_demo_student_1_2_seed_demo_exam_2', 'seed_demo_question_2_3', 'seed_demo_question_2_3_choice_d', NULL, 1),
('seed_demo_answer_seed_demo_submission_seed_demo_student_1_2_seed_demo_exam_2_seed_demo_question_2_4', 'seed_demo_submission_seed_demo_student_1_2_seed_demo_exam_2', 'seed_demo_question_2_4', 'seed_demo_question_2_4_choice_a', NULL, 1),
('seed_demo_answer_seed_demo_submission_seed_demo_student_1_2_seed_demo_exam_2_seed_demo_question_2_5', 'seed_demo_submission_seed_demo_student_1_2_seed_demo_exam_2', 'seed_demo_question_2_5', 'seed_demo_question_2_5_choice_b', NULL, 1),
('seed_demo_answer_seed_demo_submission_seed_demo_student_1_2_seed_demo_exam_2_seed_demo_question_2_6', 'seed_demo_submission_seed_demo_student_1_2_seed_demo_exam_2', 'seed_demo_question_2_6', 'seed_demo_question_2_6_choice_c', NULL, 1),
('seed_demo_answer_seed_demo_submission_seed_demo_student_1_2_seed_demo_exam_3_seed_demo_question_3_1', 'seed_demo_submission_seed_demo_student_1_2_seed_demo_exam_3', 'seed_demo_question_3_1', 'seed_demo_question_3_1_choice_c', NULL, 1),
('seed_demo_answer_seed_demo_submission_seed_demo_student_1_2_seed_demo_exam_3_seed_demo_question_3_2', 'seed_demo_submission_seed_demo_student_1_2_seed_demo_exam_3', 'seed_demo_question_3_2', 'seed_demo_question_3_2_choice_d', NULL, 1),
('seed_demo_answer_seed_demo_submission_seed_demo_student_1_2_seed_demo_exam_3_seed_demo_question_3_3', 'seed_demo_submission_seed_demo_student_1_2_seed_demo_exam_3', 'seed_demo_question_3_3', 'seed_demo_question_3_3_choice_a', NULL, 1),
('seed_demo_answer_seed_demo_submission_seed_demo_student_1_2_seed_demo_exam_3_seed_demo_question_3_4', 'seed_demo_submission_seed_demo_student_1_2_seed_demo_exam_3', 'seed_demo_question_3_4', 'seed_demo_question_3_4_choice_b', NULL, 1),
('seed_demo_answer_seed_demo_submission_seed_demo_student_1_2_seed_demo_exam_3_seed_demo_question_3_5', 'seed_demo_submission_seed_demo_student_1_2_seed_demo_exam_3', 'seed_demo_question_3_5', 'seed_demo_question_3_5_choice_c', NULL, 1),
('seed_demo_answer_seed_demo_submission_seed_demo_student_1_2_seed_demo_exam_3_seed_demo_question_3_6', 'seed_demo_submission_seed_demo_student_1_2_seed_demo_exam_3', 'seed_demo_question_3_6', 'seed_demo_question_3_6_choice_d', NULL, 1),
('seed_demo_answer_seed_demo_submission_seed_demo_student_1_2_seed_demo_exam_4_seed_demo_question_4_1', 'seed_demo_submission_seed_demo_student_1_2_seed_demo_exam_4', 'seed_demo_question_4_1', 'seed_demo_question_4_1_choice_d', NULL, 1),
('seed_demo_answer_seed_demo_submission_seed_demo_student_1_2_seed_demo_exam_4_seed_demo_question_4_2', 'seed_demo_submission_seed_demo_student_1_2_seed_demo_exam_4', 'seed_demo_question_4_2', 'seed_demo_question_4_2_choice_a', NULL, 1),
('seed_demo_answer_seed_demo_submission_seed_demo_student_1_2_seed_demo_exam_4_seed_demo_question_4_3', 'seed_demo_submission_seed_demo_student_1_2_seed_demo_exam_4', 'seed_demo_question_4_3', 'seed_demo_question_4_3_choice_b', NULL, 1),
('seed_demo_answer_seed_demo_submission_seed_demo_student_1_2_seed_demo_exam_4_seed_demo_question_4_4', 'seed_demo_submission_seed_demo_student_1_2_seed_demo_exam_4', 'seed_demo_question_4_4', 'seed_demo_question_4_4_choice_c', NULL, 1),
('seed_demo_answer_seed_demo_submission_seed_demo_student_1_2_seed_demo_exam_4_seed_demo_question_4_5', 'seed_demo_submission_seed_demo_student_1_2_seed_demo_exam_4', 'seed_demo_question_4_5', 'seed_demo_question_4_5_choice_d', NULL, 1),
('seed_demo_answer_seed_demo_submission_seed_demo_student_1_2_seed_demo_exam_4_seed_demo_question_4_6', 'seed_demo_submission_seed_demo_student_1_2_seed_demo_exam_4', 'seed_demo_question_4_6', 'seed_demo_question_4_6_choice_a', NULL, 1),
('seed_demo_answer_seed_demo_submission_seed_demo_student_1_2_seed_demo_exam_5_seed_demo_question_5_1', 'seed_demo_submission_seed_demo_student_1_2_seed_demo_exam_5', 'seed_demo_question_5_1', 'seed_demo_question_5_1_choice_a', NULL, 1),
('seed_demo_answer_seed_demo_submission_seed_demo_student_1_2_seed_demo_exam_5_seed_demo_question_5_2', 'seed_demo_submission_seed_demo_student_1_2_seed_demo_exam_5', 'seed_demo_question_5_2', 'seed_demo_question_5_2_choice_b', NULL, 1),
('seed_demo_answer_seed_demo_submission_seed_demo_student_1_2_seed_demo_exam_5_seed_demo_question_5_3', 'seed_demo_submission_seed_demo_student_1_2_seed_demo_exam_5', 'seed_demo_question_5_3', 'seed_demo_question_5_3_choice_c', NULL, 1),
('seed_demo_answer_seed_demo_submission_seed_demo_student_1_2_seed_demo_exam_5_seed_demo_question_5_4', 'seed_demo_submission_seed_demo_student_1_2_seed_demo_exam_5', 'seed_demo_question_5_4', 'seed_demo_question_5_4_choice_d', NULL, 1),
('seed_demo_answer_seed_demo_submission_seed_demo_student_1_2_seed_demo_exam_5_seed_demo_question_5_5', 'seed_demo_submission_seed_demo_student_1_2_seed_demo_exam_5', 'seed_demo_question_5_5', 'seed_demo_question_5_5_choice_a', NULL, 1),
('seed_demo_answer_seed_demo_submission_seed_demo_student_1_2_seed_demo_exam_5_seed_demo_question_5_6', 'seed_demo_submission_seed_demo_student_1_2_seed_demo_exam_5', 'seed_demo_question_5_6', 'seed_demo_question_5_6_choice_b', NULL, 1),
('seed_demo_answer_seed_demo_submission_seed_demo_student_1_3_seed_demo_exam_1_seed_demo_question_1_1', 'seed_demo_submission_seed_demo_student_1_3_seed_demo_exam_1', 'seed_demo_question_1_1', 'seed_demo_question_1_1_choice_a', NULL, 1),
('seed_demo_answer_seed_demo_submission_seed_demo_student_1_3_seed_demo_exam_1_seed_demo_question_1_2', 'seed_demo_submission_seed_demo_student_1_3_seed_demo_exam_1', 'seed_demo_question_1_2', 'seed_demo_question_1_2_choice_b', NULL, 1),
('seed_demo_answer_seed_demo_submission_seed_demo_student_1_3_seed_demo_exam_1_seed_demo_question_1_3', 'seed_demo_submission_seed_demo_student_1_3_seed_demo_exam_1', 'seed_demo_question_1_3', 'seed_demo_question_1_3_choice_c', NULL, 1),
('seed_demo_answer_seed_demo_submission_seed_demo_student_1_3_seed_demo_exam_1_seed_demo_question_1_4', 'seed_demo_submission_seed_demo_student_1_3_seed_demo_exam_1', 'seed_demo_question_1_4', 'seed_demo_question_1_4_choice_d', NULL, 1),
('seed_demo_answer_seed_demo_submission_seed_demo_student_1_3_seed_demo_exam_1_seed_demo_question_1_5', 'seed_demo_submission_seed_demo_student_1_3_seed_demo_exam_1', 'seed_demo_question_1_5', 'seed_demo_question_1_5_choice_a', NULL, 1),
('seed_demo_answer_seed_demo_submission_seed_demo_student_1_3_seed_demo_exam_1_seed_demo_question_1_6', 'seed_demo_submission_seed_demo_student_1_3_seed_demo_exam_1', 'seed_demo_question_1_6', 'seed_demo_question_1_6_choice_b', NULL, 1),
('seed_demo_answer_seed_demo_submission_seed_demo_student_1_3_seed_demo_exam_2_seed_demo_question_2_1', 'seed_demo_submission_seed_demo_student_1_3_seed_demo_exam_2', 'seed_demo_question_2_1', 'seed_demo_question_2_1_choice_b', NULL, 1),
('seed_demo_answer_seed_demo_submission_seed_demo_student_1_3_seed_demo_exam_2_seed_demo_question_2_2', 'seed_demo_submission_seed_demo_student_1_3_seed_demo_exam_2', 'seed_demo_question_2_2', 'seed_demo_question_2_2_choice_c', NULL, 1),
('seed_demo_answer_seed_demo_submission_seed_demo_student_1_3_seed_demo_exam_2_seed_demo_question_2_3', 'seed_demo_submission_seed_demo_student_1_3_seed_demo_exam_2', 'seed_demo_question_2_3', 'seed_demo_question_2_3_choice_d', NULL, 1),
('seed_demo_answer_seed_demo_submission_seed_demo_student_1_3_seed_demo_exam_2_seed_demo_question_2_4', 'seed_demo_submission_seed_demo_student_1_3_seed_demo_exam_2', 'seed_demo_question_2_4', 'seed_demo_question_2_4_choice_a', NULL, 1),
('seed_demo_answer_seed_demo_submission_seed_demo_student_1_3_seed_demo_exam_2_seed_demo_question_2_5', 'seed_demo_submission_seed_demo_student_1_3_seed_demo_exam_2', 'seed_demo_question_2_5', 'seed_demo_question_2_5_choice_b', NULL, 1),
('seed_demo_answer_seed_demo_submission_seed_demo_student_1_3_seed_demo_exam_2_seed_demo_question_2_6', 'seed_demo_submission_seed_demo_student_1_3_seed_demo_exam_2', 'seed_demo_question_2_6', 'seed_demo_question_2_6_choice_c', NULL, 1),
('seed_demo_answer_seed_demo_submission_seed_demo_student_1_3_seed_demo_exam_3_seed_demo_question_3_1', 'seed_demo_submission_seed_demo_student_1_3_seed_demo_exam_3', 'seed_demo_question_3_1', 'seed_demo_question_3_1_choice_c', NULL, 1),
('seed_demo_answer_seed_demo_submission_seed_demo_student_1_3_seed_demo_exam_3_seed_demo_question_3_2', 'seed_demo_submission_seed_demo_student_1_3_seed_demo_exam_3', 'seed_demo_question_3_2', 'seed_demo_question_3_2_choice_d', NULL, 1),
('seed_demo_answer_seed_demo_submission_seed_demo_student_1_3_seed_demo_exam_3_seed_demo_question_3_3', 'seed_demo_submission_seed_demo_student_1_3_seed_demo_exam_3', 'seed_demo_question_3_3', 'seed_demo_question_3_3_choice_a', NULL, 1),
('seed_demo_answer_seed_demo_submission_seed_demo_student_1_3_seed_demo_exam_3_seed_demo_question_3_4', 'seed_demo_submission_seed_demo_student_1_3_seed_demo_exam_3', 'seed_demo_question_3_4', 'seed_demo_question_3_4_choice_b', NULL, 1),
('seed_demo_answer_seed_demo_submission_seed_demo_student_1_3_seed_demo_exam_3_seed_demo_question_3_5', 'seed_demo_submission_seed_demo_student_1_3_seed_demo_exam_3', 'seed_demo_question_3_5', 'seed_demo_question_3_5_choice_c', NULL, 1),
('seed_demo_answer_seed_demo_submission_seed_demo_student_1_3_seed_demo_exam_3_seed_demo_question_3_6', 'seed_demo_submission_seed_demo_student_1_3_seed_demo_exam_3', 'seed_demo_question_3_6', 'seed_demo_question_3_6_choice_d', NULL, 1),
('seed_demo_answer_seed_demo_submission_seed_demo_student_1_3_seed_demo_exam_4_seed_demo_question_4_1', 'seed_demo_submission_seed_demo_student_1_3_seed_demo_exam_4', 'seed_demo_question_4_1', 'seed_demo_question_4_1_choice_d', NULL, 1),
('seed_demo_answer_seed_demo_submission_seed_demo_student_1_3_seed_demo_exam_4_seed_demo_question_4_2', 'seed_demo_submission_seed_demo_student_1_3_seed_demo_exam_4', 'seed_demo_question_4_2', 'seed_demo_question_4_2_choice_a', NULL, 1);

INSERT INTO student_exam_answers (id, submissionId, questionId, selectedChoiceId, answerText, isCorrect) VALUES
('seed_demo_answer_seed_demo_submission_seed_demo_student_1_3_seed_demo_exam_4_seed_demo_question_4_3', 'seed_demo_submission_seed_demo_student_1_3_seed_demo_exam_4', 'seed_demo_question_4_3', 'seed_demo_question_4_3_choice_b', NULL, 1),
('seed_demo_answer_seed_demo_submission_seed_demo_student_1_3_seed_demo_exam_4_seed_demo_question_4_4', 'seed_demo_submission_seed_demo_student_1_3_seed_demo_exam_4', 'seed_demo_question_4_4', 'seed_demo_question_4_4_choice_c', NULL, 1),
('seed_demo_answer_seed_demo_submission_seed_demo_student_1_3_seed_demo_exam_4_seed_demo_question_4_5', 'seed_demo_submission_seed_demo_student_1_3_seed_demo_exam_4', 'seed_demo_question_4_5', 'seed_demo_question_4_5_choice_d', NULL, 1),
('seed_demo_answer_seed_demo_submission_seed_demo_student_1_3_seed_demo_exam_4_seed_demo_question_4_6', 'seed_demo_submission_seed_demo_student_1_3_seed_demo_exam_4', 'seed_demo_question_4_6', 'seed_demo_question_4_6_choice_a', NULL, 1),
('seed_demo_answer_seed_demo_submission_seed_demo_student_1_3_seed_demo_exam_5_seed_demo_question_5_1', 'seed_demo_submission_seed_demo_student_1_3_seed_demo_exam_5', 'seed_demo_question_5_1', 'seed_demo_question_5_1_choice_b', NULL, 0),
('seed_demo_answer_seed_demo_submission_seed_demo_student_1_3_seed_demo_exam_5_seed_demo_question_5_2', 'seed_demo_submission_seed_demo_student_1_3_seed_demo_exam_5', 'seed_demo_question_5_2', 'seed_demo_question_5_2_choice_d', NULL, 0),
('seed_demo_answer_seed_demo_submission_seed_demo_student_1_3_seed_demo_exam_5_seed_demo_question_5_3', 'seed_demo_submission_seed_demo_student_1_3_seed_demo_exam_5', 'seed_demo_question_5_3', 'seed_demo_question_5_3_choice_b', NULL, 0),
('seed_demo_answer_seed_demo_submission_seed_demo_student_1_3_seed_demo_exam_5_seed_demo_question_5_4', 'seed_demo_submission_seed_demo_student_1_3_seed_demo_exam_5', 'seed_demo_question_5_4', 'seed_demo_question_5_4_choice_a', NULL, 0),
('seed_demo_answer_seed_demo_submission_seed_demo_student_1_3_seed_demo_exam_5_seed_demo_question_5_5', 'seed_demo_submission_seed_demo_student_1_3_seed_demo_exam_5', 'seed_demo_question_5_5', 'seed_demo_question_5_5_choice_c', NULL, 0),
('seed_demo_answer_seed_demo_submission_seed_demo_student_1_3_seed_demo_exam_5_seed_demo_question_5_6', 'seed_demo_submission_seed_demo_student_1_3_seed_demo_exam_5', 'seed_demo_question_5_6', 'seed_demo_question_5_6_choice_a', NULL, 0),
('seed_demo_answer_seed_demo_submission_seed_demo_student_1_4_seed_demo_exam_1_seed_demo_question_1_1', 'seed_demo_submission_seed_demo_student_1_4_seed_demo_exam_1', 'seed_demo_question_1_1', 'seed_demo_question_1_1_choice_a', NULL, 1),
('seed_demo_answer_seed_demo_submission_seed_demo_student_1_4_seed_demo_exam_1_seed_demo_question_1_2', 'seed_demo_submission_seed_demo_student_1_4_seed_demo_exam_1', 'seed_demo_question_1_2', 'seed_demo_question_1_2_choice_b', NULL, 1),
('seed_demo_answer_seed_demo_submission_seed_demo_student_1_4_seed_demo_exam_1_seed_demo_question_1_3', 'seed_demo_submission_seed_demo_student_1_4_seed_demo_exam_1', 'seed_demo_question_1_3', 'seed_demo_question_1_3_choice_c', NULL, 1),
('seed_demo_answer_seed_demo_submission_seed_demo_student_1_4_seed_demo_exam_1_seed_demo_question_1_4', 'seed_demo_submission_seed_demo_student_1_4_seed_demo_exam_1', 'seed_demo_question_1_4', 'seed_demo_question_1_4_choice_d', NULL, 1),
('seed_demo_answer_seed_demo_submission_seed_demo_student_1_4_seed_demo_exam_1_seed_demo_question_1_5', 'seed_demo_submission_seed_demo_student_1_4_seed_demo_exam_1', 'seed_demo_question_1_5', 'seed_demo_question_1_5_choice_a', NULL, 1),
('seed_demo_answer_seed_demo_submission_seed_demo_student_1_4_seed_demo_exam_1_seed_demo_question_1_6', 'seed_demo_submission_seed_demo_student_1_4_seed_demo_exam_1', 'seed_demo_question_1_6', 'seed_demo_question_1_6_choice_b', NULL, 1),
('seed_demo_answer_seed_demo_submission_seed_demo_student_1_4_seed_demo_exam_2_seed_demo_question_2_1', 'seed_demo_submission_seed_demo_student_1_4_seed_demo_exam_2', 'seed_demo_question_2_1', 'seed_demo_question_2_1_choice_b', NULL, 1),
('seed_demo_answer_seed_demo_submission_seed_demo_student_1_4_seed_demo_exam_2_seed_demo_question_2_2', 'seed_demo_submission_seed_demo_student_1_4_seed_demo_exam_2', 'seed_demo_question_2_2', 'seed_demo_question_2_2_choice_c', NULL, 1),
('seed_demo_answer_seed_demo_submission_seed_demo_student_1_4_seed_demo_exam_2_seed_demo_question_2_3', 'seed_demo_submission_seed_demo_student_1_4_seed_demo_exam_2', 'seed_demo_question_2_3', 'seed_demo_question_2_3_choice_d', NULL, 1),
('seed_demo_answer_seed_demo_submission_seed_demo_student_1_4_seed_demo_exam_2_seed_demo_question_2_4', 'seed_demo_submission_seed_demo_student_1_4_seed_demo_exam_2', 'seed_demo_question_2_4', 'seed_demo_question_2_4_choice_a', NULL, 1),
('seed_demo_answer_seed_demo_submission_seed_demo_student_1_4_seed_demo_exam_2_seed_demo_question_2_5', 'seed_demo_submission_seed_demo_student_1_4_seed_demo_exam_2', 'seed_demo_question_2_5', 'seed_demo_question_2_5_choice_b', NULL, 1),
('seed_demo_answer_seed_demo_submission_seed_demo_student_1_4_seed_demo_exam_2_seed_demo_question_2_6', 'seed_demo_submission_seed_demo_student_1_4_seed_demo_exam_2', 'seed_demo_question_2_6', 'seed_demo_question_2_6_choice_c', NULL, 1),
('seed_demo_answer_seed_demo_submission_seed_demo_student_1_4_seed_demo_exam_3_seed_demo_question_3_1', 'seed_demo_submission_seed_demo_student_1_4_seed_demo_exam_3', 'seed_demo_question_3_1', 'seed_demo_question_3_1_choice_c', NULL, 1),
('seed_demo_answer_seed_demo_submission_seed_demo_student_1_4_seed_demo_exam_3_seed_demo_question_3_2', 'seed_demo_submission_seed_demo_student_1_4_seed_demo_exam_3', 'seed_demo_question_3_2', 'seed_demo_question_3_2_choice_d', NULL, 1),
('seed_demo_answer_seed_demo_submission_seed_demo_student_1_4_seed_demo_exam_3_seed_demo_question_3_3', 'seed_demo_submission_seed_demo_student_1_4_seed_demo_exam_3', 'seed_demo_question_3_3', 'seed_demo_question_3_3_choice_a', NULL, 1),
('seed_demo_answer_seed_demo_submission_seed_demo_student_1_4_seed_demo_exam_3_seed_demo_question_3_4', 'seed_demo_submission_seed_demo_student_1_4_seed_demo_exam_3', 'seed_demo_question_3_4', 'seed_demo_question_3_4_choice_b', NULL, 1),
('seed_demo_answer_seed_demo_submission_seed_demo_student_1_4_seed_demo_exam_3_seed_demo_question_3_5', 'seed_demo_submission_seed_demo_student_1_4_seed_demo_exam_3', 'seed_demo_question_3_5', 'seed_demo_question_3_5_choice_c', NULL, 1),
('seed_demo_answer_seed_demo_submission_seed_demo_student_1_4_seed_demo_exam_3_seed_demo_question_3_6', 'seed_demo_submission_seed_demo_student_1_4_seed_demo_exam_3', 'seed_demo_question_3_6', 'seed_demo_question_3_6_choice_d', NULL, 1),
('seed_demo_answer_seed_demo_submission_seed_demo_student_1_4_seed_demo_exam_4_seed_demo_question_4_1', 'seed_demo_submission_seed_demo_student_1_4_seed_demo_exam_4', 'seed_demo_question_4_1', 'seed_demo_question_4_1_choice_a', NULL, 0),
('seed_demo_answer_seed_demo_submission_seed_demo_student_1_4_seed_demo_exam_4_seed_demo_question_4_2', 'seed_demo_submission_seed_demo_student_1_4_seed_demo_exam_4', 'seed_demo_question_4_2', 'seed_demo_question_4_2_choice_c', NULL, 0),
('seed_demo_answer_seed_demo_submission_seed_demo_student_1_4_seed_demo_exam_4_seed_demo_question_4_3', 'seed_demo_submission_seed_demo_student_1_4_seed_demo_exam_4', 'seed_demo_question_4_3', 'seed_demo_question_4_3_choice_a', NULL, 0),
('seed_demo_answer_seed_demo_submission_seed_demo_student_1_4_seed_demo_exam_4_seed_demo_question_4_4', 'seed_demo_submission_seed_demo_student_1_4_seed_demo_exam_4', 'seed_demo_question_4_4', 'seed_demo_question_4_4_choice_d', NULL, 0),
('seed_demo_answer_seed_demo_submission_seed_demo_student_1_4_seed_demo_exam_4_seed_demo_question_4_5', 'seed_demo_submission_seed_demo_student_1_4_seed_demo_exam_4', 'seed_demo_question_4_5', 'seed_demo_question_4_5_choice_b', NULL, 0),
('seed_demo_answer_seed_demo_submission_seed_demo_student_1_4_seed_demo_exam_4_seed_demo_question_4_6', 'seed_demo_submission_seed_demo_student_1_4_seed_demo_exam_4', 'seed_demo_question_4_6', 'seed_demo_question_4_6_choice_d', NULL, 0),
('seed_demo_answer_seed_demo_submission_seed_demo_student_1_4_seed_demo_exam_5_seed_demo_question_5_1', 'seed_demo_submission_seed_demo_student_1_4_seed_demo_exam_5', 'seed_demo_question_5_1', 'seed_demo_question_5_1_choice_c', NULL, 0),
('seed_demo_answer_seed_demo_submission_seed_demo_student_1_4_seed_demo_exam_5_seed_demo_question_5_2', 'seed_demo_submission_seed_demo_student_1_4_seed_demo_exam_5', 'seed_demo_question_5_2', 'seed_demo_question_5_2_choice_a', NULL, 0),
('seed_demo_answer_seed_demo_submission_seed_demo_student_1_4_seed_demo_exam_5_seed_demo_question_5_3', 'seed_demo_submission_seed_demo_student_1_4_seed_demo_exam_5', 'seed_demo_question_5_3', 'seed_demo_question_5_3_choice_d', NULL, 0),
('seed_demo_answer_seed_demo_submission_seed_demo_student_1_4_seed_demo_exam_5_seed_demo_question_5_4', 'seed_demo_submission_seed_demo_student_1_4_seed_demo_exam_5', 'seed_demo_question_5_4', 'seed_demo_question_5_4_choice_b', NULL, 0),
('seed_demo_answer_seed_demo_submission_seed_demo_student_1_4_seed_demo_exam_5_seed_demo_question_5_5', 'seed_demo_submission_seed_demo_student_1_4_seed_demo_exam_5', 'seed_demo_question_5_5', 'seed_demo_question_5_5_choice_a', NULL, 1),
('seed_demo_answer_seed_demo_submission_seed_demo_student_1_4_seed_demo_exam_5_seed_demo_question_5_6', 'seed_demo_submission_seed_demo_student_1_4_seed_demo_exam_5', 'seed_demo_question_5_6', 'seed_demo_question_5_6_choice_b', NULL, 1),
('seed_demo_answer_seed_demo_submission_seed_demo_student_1_5_seed_demo_exam_1_seed_demo_question_1_1', 'seed_demo_submission_seed_demo_student_1_5_seed_demo_exam_1', 'seed_demo_question_1_1', 'seed_demo_question_1_1_choice_a', NULL, 1),
('seed_demo_answer_seed_demo_submission_seed_demo_student_1_5_seed_demo_exam_1_seed_demo_question_1_2', 'seed_demo_submission_seed_demo_student_1_5_seed_demo_exam_1', 'seed_demo_question_1_2', 'seed_demo_question_1_2_choice_b', NULL, 1),
('seed_demo_answer_seed_demo_submission_seed_demo_student_1_5_seed_demo_exam_1_seed_demo_question_1_3', 'seed_demo_submission_seed_demo_student_1_5_seed_demo_exam_1', 'seed_demo_question_1_3', 'seed_demo_question_1_3_choice_c', NULL, 1),
('seed_demo_answer_seed_demo_submission_seed_demo_student_1_5_seed_demo_exam_1_seed_demo_question_1_4', 'seed_demo_submission_seed_demo_student_1_5_seed_demo_exam_1', 'seed_demo_question_1_4', 'seed_demo_question_1_4_choice_d', NULL, 1),
('seed_demo_answer_seed_demo_submission_seed_demo_student_1_5_seed_demo_exam_1_seed_demo_question_1_5', 'seed_demo_submission_seed_demo_student_1_5_seed_demo_exam_1', 'seed_demo_question_1_5', 'seed_demo_question_1_5_choice_a', NULL, 1),
('seed_demo_answer_seed_demo_submission_seed_demo_student_1_5_seed_demo_exam_1_seed_demo_question_1_6', 'seed_demo_submission_seed_demo_student_1_5_seed_demo_exam_1', 'seed_demo_question_1_6', 'seed_demo_question_1_6_choice_b', NULL, 1),
('seed_demo_answer_seed_demo_submission_seed_demo_student_1_5_seed_demo_exam_2_seed_demo_question_2_1', 'seed_demo_submission_seed_demo_student_1_5_seed_demo_exam_2', 'seed_demo_question_2_1', 'seed_demo_question_2_1_choice_b', NULL, 1),
('seed_demo_answer_seed_demo_submission_seed_demo_student_1_5_seed_demo_exam_2_seed_demo_question_2_2', 'seed_demo_submission_seed_demo_student_1_5_seed_demo_exam_2', 'seed_demo_question_2_2', 'seed_demo_question_2_2_choice_c', NULL, 1),
('seed_demo_answer_seed_demo_submission_seed_demo_student_1_5_seed_demo_exam_2_seed_demo_question_2_3', 'seed_demo_submission_seed_demo_student_1_5_seed_demo_exam_2', 'seed_demo_question_2_3', 'seed_demo_question_2_3_choice_d', NULL, 1),
('seed_demo_answer_seed_demo_submission_seed_demo_student_1_5_seed_demo_exam_2_seed_demo_question_2_4', 'seed_demo_submission_seed_demo_student_1_5_seed_demo_exam_2', 'seed_demo_question_2_4', 'seed_demo_question_2_4_choice_a', NULL, 1),
('seed_demo_answer_seed_demo_submission_seed_demo_student_1_5_seed_demo_exam_2_seed_demo_question_2_5', 'seed_demo_submission_seed_demo_student_1_5_seed_demo_exam_2', 'seed_demo_question_2_5', 'seed_demo_question_2_5_choice_b', NULL, 1),
('seed_demo_answer_seed_demo_submission_seed_demo_student_1_5_seed_demo_exam_2_seed_demo_question_2_6', 'seed_demo_submission_seed_demo_student_1_5_seed_demo_exam_2', 'seed_demo_question_2_6', 'seed_demo_question_2_6_choice_c', NULL, 1),
('seed_demo_answer_seed_demo_submission_seed_demo_student_1_5_seed_demo_exam_3_seed_demo_question_3_1', 'seed_demo_submission_seed_demo_student_1_5_seed_demo_exam_3', 'seed_demo_question_3_1', 'seed_demo_question_3_1_choice_d', NULL, 0),
('seed_demo_answer_seed_demo_submission_seed_demo_student_1_5_seed_demo_exam_3_seed_demo_question_3_2', 'seed_demo_submission_seed_demo_student_1_5_seed_demo_exam_3', 'seed_demo_question_3_2', 'seed_demo_question_3_2_choice_b', NULL, 0),
('seed_demo_answer_seed_demo_submission_seed_demo_student_1_5_seed_demo_exam_3_seed_demo_question_3_3', 'seed_demo_submission_seed_demo_student_1_5_seed_demo_exam_3', 'seed_demo_question_3_3', 'seed_demo_question_3_3_choice_d', NULL, 0),
('seed_demo_answer_seed_demo_submission_seed_demo_student_1_5_seed_demo_exam_3_seed_demo_question_3_4', 'seed_demo_submission_seed_demo_student_1_5_seed_demo_exam_3', 'seed_demo_question_3_4', 'seed_demo_question_3_4_choice_c', NULL, 0),
('seed_demo_answer_seed_demo_submission_seed_demo_student_1_5_seed_demo_exam_3_seed_demo_question_3_5', 'seed_demo_submission_seed_demo_student_1_5_seed_demo_exam_3', 'seed_demo_question_3_5', 'seed_demo_question_3_5_choice_a', NULL, 0),
('seed_demo_answer_seed_demo_submission_seed_demo_student_1_5_seed_demo_exam_3_seed_demo_question_3_6', 'seed_demo_submission_seed_demo_student_1_5_seed_demo_exam_3', 'seed_demo_question_3_6', 'seed_demo_question_3_6_choice_d', NULL, 1),
('seed_demo_answer_seed_demo_submission_seed_demo_student_1_5_seed_demo_exam_4_seed_demo_question_4_1', 'seed_demo_submission_seed_demo_student_1_5_seed_demo_exam_4', 'seed_demo_question_4_1', 'seed_demo_question_4_1_choice_b', NULL, 0),
('seed_demo_answer_seed_demo_submission_seed_demo_student_1_5_seed_demo_exam_4_seed_demo_question_4_2', 'seed_demo_submission_seed_demo_student_1_5_seed_demo_exam_4', 'seed_demo_question_4_2', 'seed_demo_question_4_2_choice_d', NULL, 0),
('seed_demo_answer_seed_demo_submission_seed_demo_student_1_5_seed_demo_exam_4_seed_demo_question_4_3', 'seed_demo_submission_seed_demo_student_1_5_seed_demo_exam_4', 'seed_demo_question_4_3', 'seed_demo_question_4_3_choice_c', NULL, 0),
('seed_demo_answer_seed_demo_submission_seed_demo_student_1_5_seed_demo_exam_4_seed_demo_question_4_4', 'seed_demo_submission_seed_demo_student_1_5_seed_demo_exam_4', 'seed_demo_question_4_4', 'seed_demo_question_4_4_choice_a', NULL, 0),
('seed_demo_answer_seed_demo_submission_seed_demo_student_1_5_seed_demo_exam_4_seed_demo_question_4_5', 'seed_demo_submission_seed_demo_student_1_5_seed_demo_exam_4', 'seed_demo_question_4_5', 'seed_demo_question_4_5_choice_d', NULL, 1),
('seed_demo_answer_seed_demo_submission_seed_demo_student_1_5_seed_demo_exam_4_seed_demo_question_4_6', 'seed_demo_submission_seed_demo_student_1_5_seed_demo_exam_4', 'seed_demo_question_4_6', 'seed_demo_question_4_6_choice_a', NULL, 1),
('seed_demo_answer_seed_demo_submission_seed_demo_student_1_5_seed_demo_exam_5_seed_demo_question_5_1', 'seed_demo_submission_seed_demo_student_1_5_seed_demo_exam_5', 'seed_demo_question_5_1', 'seed_demo_question_5_1_choice_d', NULL, 0),
('seed_demo_answer_seed_demo_submission_seed_demo_student_1_5_seed_demo_exam_5_seed_demo_question_5_2', 'seed_demo_submission_seed_demo_student_1_5_seed_demo_exam_5', 'seed_demo_question_5_2', 'seed_demo_question_5_2_choice_c', NULL, 0),
('seed_demo_answer_seed_demo_submission_seed_demo_student_1_5_seed_demo_exam_5_seed_demo_question_5_3', 'seed_demo_submission_seed_demo_student_1_5_seed_demo_exam_5', 'seed_demo_question_5_3', 'seed_demo_question_5_3_choice_c', NULL, 1),
('seed_demo_answer_seed_demo_submission_seed_demo_student_1_5_seed_demo_exam_5_seed_demo_question_5_4', 'seed_demo_submission_seed_demo_student_1_5_seed_demo_exam_5', 'seed_demo_question_5_4', 'seed_demo_question_5_4_choice_d', NULL, 1),
('seed_demo_answer_seed_demo_submission_seed_demo_student_1_5_seed_demo_exam_5_seed_demo_question_5_5', 'seed_demo_submission_seed_demo_student_1_5_seed_demo_exam_5', 'seed_demo_question_5_5', 'seed_demo_question_5_5_choice_a', NULL, 1),
('seed_demo_answer_seed_demo_submission_seed_demo_student_1_5_seed_demo_exam_5_seed_demo_question_5_6', 'seed_demo_submission_seed_demo_student_1_5_seed_demo_exam_5', 'seed_demo_question_5_6', 'seed_demo_question_5_6_choice_b', NULL, 1),
('seed_demo_answer_seed_demo_submission_seed_demo_student_1_6_seed_demo_exam_1_seed_demo_question_1_1', 'seed_demo_submission_seed_demo_student_1_6_seed_demo_exam_1', 'seed_demo_question_1_1', 'seed_demo_question_1_1_choice_a', NULL, 1),
('seed_demo_answer_seed_demo_submission_seed_demo_student_1_6_seed_demo_exam_1_seed_demo_question_1_2', 'seed_demo_submission_seed_demo_student_1_6_seed_demo_exam_1', 'seed_demo_question_1_2', 'seed_demo_question_1_2_choice_b', NULL, 1),
('seed_demo_answer_seed_demo_submission_seed_demo_student_1_6_seed_demo_exam_1_seed_demo_question_1_3', 'seed_demo_submission_seed_demo_student_1_6_seed_demo_exam_1', 'seed_demo_question_1_3', 'seed_demo_question_1_3_choice_c', NULL, 1),
('seed_demo_answer_seed_demo_submission_seed_demo_student_1_6_seed_demo_exam_1_seed_demo_question_1_4', 'seed_demo_submission_seed_demo_student_1_6_seed_demo_exam_1', 'seed_demo_question_1_4', 'seed_demo_question_1_4_choice_d', NULL, 1),
('seed_demo_answer_seed_demo_submission_seed_demo_student_1_6_seed_demo_exam_1_seed_demo_question_1_5', 'seed_demo_submission_seed_demo_student_1_6_seed_demo_exam_1', 'seed_demo_question_1_5', 'seed_demo_question_1_5_choice_a', NULL, 1),
('seed_demo_answer_seed_demo_submission_seed_demo_student_1_6_seed_demo_exam_1_seed_demo_question_1_6', 'seed_demo_submission_seed_demo_student_1_6_seed_demo_exam_1', 'seed_demo_question_1_6', 'seed_demo_question_1_6_choice_d', NULL, 0),
('seed_demo_answer_seed_demo_submission_seed_demo_student_1_6_seed_demo_exam_2_seed_demo_question_2_1', 'seed_demo_submission_seed_demo_student_1_6_seed_demo_exam_2', 'seed_demo_question_2_1', 'seed_demo_question_2_1_choice_c', NULL, 0),
('seed_demo_answer_seed_demo_submission_seed_demo_student_1_6_seed_demo_exam_2_seed_demo_question_2_2', 'seed_demo_submission_seed_demo_student_1_6_seed_demo_exam_2', 'seed_demo_question_2_2', 'seed_demo_question_2_2_choice_a', NULL, 0),
('seed_demo_answer_seed_demo_submission_seed_demo_student_1_6_seed_demo_exam_2_seed_demo_question_2_3', 'seed_demo_submission_seed_demo_student_1_6_seed_demo_exam_2', 'seed_demo_question_2_3', 'seed_demo_question_2_3_choice_c', NULL, 0),
('seed_demo_answer_seed_demo_submission_seed_demo_student_1_6_seed_demo_exam_2_seed_demo_question_2_4', 'seed_demo_submission_seed_demo_student_1_6_seed_demo_exam_2', 'seed_demo_question_2_4', 'seed_demo_question_2_4_choice_b', NULL, 0);

INSERT INTO student_exam_answers (id, submissionId, questionId, selectedChoiceId, answerText, isCorrect) VALUES
('seed_demo_answer_seed_demo_submission_seed_demo_student_1_6_seed_demo_exam_2_seed_demo_question_2_5', 'seed_demo_submission_seed_demo_student_1_6_seed_demo_exam_2', 'seed_demo_question_2_5', 'seed_demo_question_2_5_choice_d', NULL, 0),
('seed_demo_answer_seed_demo_submission_seed_demo_student_1_6_seed_demo_exam_2_seed_demo_question_2_6', 'seed_demo_submission_seed_demo_student_1_6_seed_demo_exam_2', 'seed_demo_question_2_6', 'seed_demo_question_2_6_choice_c', NULL, 1),
('seed_demo_answer_seed_demo_submission_seed_demo_student_1_6_seed_demo_exam_3_seed_demo_question_3_1', 'seed_demo_submission_seed_demo_student_1_6_seed_demo_exam_3', 'seed_demo_question_3_1', 'seed_demo_question_3_1_choice_a', NULL, 0),
('seed_demo_answer_seed_demo_submission_seed_demo_student_1_6_seed_demo_exam_3_seed_demo_question_3_2', 'seed_demo_submission_seed_demo_student_1_6_seed_demo_exam_3', 'seed_demo_question_3_2', 'seed_demo_question_3_2_choice_c', NULL, 0),
('seed_demo_answer_seed_demo_submission_seed_demo_student_1_6_seed_demo_exam_3_seed_demo_question_3_3', 'seed_demo_submission_seed_demo_student_1_6_seed_demo_exam_3', 'seed_demo_question_3_3', 'seed_demo_question_3_3_choice_b', NULL, 0),
('seed_demo_answer_seed_demo_submission_seed_demo_student_1_6_seed_demo_exam_3_seed_demo_question_3_4', 'seed_demo_submission_seed_demo_student_1_6_seed_demo_exam_3', 'seed_demo_question_3_4', 'seed_demo_question_3_4_choice_b', NULL, 1),
('seed_demo_answer_seed_demo_submission_seed_demo_student_1_6_seed_demo_exam_3_seed_demo_question_3_5', 'seed_demo_submission_seed_demo_student_1_6_seed_demo_exam_3', 'seed_demo_question_3_5', 'seed_demo_question_3_5_choice_c', NULL, 1),
('seed_demo_answer_seed_demo_submission_seed_demo_student_1_6_seed_demo_exam_3_seed_demo_question_3_6', 'seed_demo_submission_seed_demo_student_1_6_seed_demo_exam_3', 'seed_demo_question_3_6', 'seed_demo_question_3_6_choice_d', NULL, 1),
('seed_demo_answer_seed_demo_submission_seed_demo_student_1_6_seed_demo_exam_4_seed_demo_question_4_1', 'seed_demo_submission_seed_demo_student_1_6_seed_demo_exam_4', 'seed_demo_question_4_1', 'seed_demo_question_4_1_choice_c', NULL, 0),
('seed_demo_answer_seed_demo_submission_seed_demo_student_1_6_seed_demo_exam_4_seed_demo_question_4_2', 'seed_demo_submission_seed_demo_student_1_6_seed_demo_exam_4', 'seed_demo_question_4_2', 'seed_demo_question_4_2_choice_a', NULL, 1),
('seed_demo_answer_seed_demo_submission_seed_demo_student_1_6_seed_demo_exam_4_seed_demo_question_4_3', 'seed_demo_submission_seed_demo_student_1_6_seed_demo_exam_4', 'seed_demo_question_4_3', 'seed_demo_question_4_3_choice_b', NULL, 1),
('seed_demo_answer_seed_demo_submission_seed_demo_student_1_6_seed_demo_exam_4_seed_demo_question_4_4', 'seed_demo_submission_seed_demo_student_1_6_seed_demo_exam_4', 'seed_demo_question_4_4', 'seed_demo_question_4_4_choice_c', NULL, 1),
('seed_demo_answer_seed_demo_submission_seed_demo_student_1_6_seed_demo_exam_4_seed_demo_question_4_5', 'seed_demo_submission_seed_demo_student_1_6_seed_demo_exam_4', 'seed_demo_question_4_5', 'seed_demo_question_4_5_choice_d', NULL, 1),
('seed_demo_answer_seed_demo_submission_seed_demo_student_1_6_seed_demo_exam_4_seed_demo_question_4_6', 'seed_demo_submission_seed_demo_student_1_6_seed_demo_exam_4', 'seed_demo_question_4_6', 'seed_demo_question_4_6_choice_a', NULL, 1),
('seed_demo_answer_seed_demo_submission_seed_demo_student_1_6_seed_demo_exam_5_seed_demo_question_5_1', 'seed_demo_submission_seed_demo_student_1_6_seed_demo_exam_5', 'seed_demo_question_5_1', 'seed_demo_question_5_1_choice_a', NULL, 1),
('seed_demo_answer_seed_demo_submission_seed_demo_student_1_6_seed_demo_exam_5_seed_demo_question_5_2', 'seed_demo_submission_seed_demo_student_1_6_seed_demo_exam_5', 'seed_demo_question_5_2', 'seed_demo_question_5_2_choice_b', NULL, 1),
('seed_demo_answer_seed_demo_submission_seed_demo_student_1_6_seed_demo_exam_5_seed_demo_question_5_3', 'seed_demo_submission_seed_demo_student_1_6_seed_demo_exam_5', 'seed_demo_question_5_3', 'seed_demo_question_5_3_choice_c', NULL, 1),
('seed_demo_answer_seed_demo_submission_seed_demo_student_1_6_seed_demo_exam_5_seed_demo_question_5_4', 'seed_demo_submission_seed_demo_student_1_6_seed_demo_exam_5', 'seed_demo_question_5_4', 'seed_demo_question_5_4_choice_d', NULL, 1),
('seed_demo_answer_seed_demo_submission_seed_demo_student_1_6_seed_demo_exam_5_seed_demo_question_5_5', 'seed_demo_submission_seed_demo_student_1_6_seed_demo_exam_5', 'seed_demo_question_5_5', 'seed_demo_question_5_5_choice_a', NULL, 1),
('seed_demo_answer_seed_demo_submission_seed_demo_student_1_6_seed_demo_exam_5_seed_demo_question_5_6', 'seed_demo_submission_seed_demo_student_1_6_seed_demo_exam_5', 'seed_demo_question_5_6', 'seed_demo_question_5_6_choice_b', NULL, 1),
('seed_demo_answer_seed_demo_submission_seed_demo_student_1_7_seed_demo_exam_1_seed_demo_question_1_1', 'seed_demo_submission_seed_demo_student_1_7_seed_demo_exam_1', 'seed_demo_question_1_1', 'seed_demo_question_1_1_choice_b', NULL, 0),
('seed_demo_answer_seed_demo_submission_seed_demo_student_1_7_seed_demo_exam_1_seed_demo_question_1_2', 'seed_demo_submission_seed_demo_student_1_7_seed_demo_exam_1', 'seed_demo_question_1_2', 'seed_demo_question_1_2_choice_d', NULL, 0),
('seed_demo_answer_seed_demo_submission_seed_demo_student_1_7_seed_demo_exam_1_seed_demo_question_1_3', 'seed_demo_submission_seed_demo_student_1_7_seed_demo_exam_1', 'seed_demo_question_1_3', 'seed_demo_question_1_3_choice_b', NULL, 0),
('seed_demo_answer_seed_demo_submission_seed_demo_student_1_7_seed_demo_exam_1_seed_demo_question_1_4', 'seed_demo_submission_seed_demo_student_1_7_seed_demo_exam_1', 'seed_demo_question_1_4', 'seed_demo_question_1_4_choice_a', NULL, 0),
('seed_demo_answer_seed_demo_submission_seed_demo_student_1_7_seed_demo_exam_1_seed_demo_question_1_5', 'seed_demo_submission_seed_demo_student_1_7_seed_demo_exam_1', 'seed_demo_question_1_5', 'seed_demo_question_1_5_choice_a', NULL, 1),
('seed_demo_answer_seed_demo_submission_seed_demo_student_1_7_seed_demo_exam_1_seed_demo_question_1_6', 'seed_demo_submission_seed_demo_student_1_7_seed_demo_exam_1', 'seed_demo_question_1_6', 'seed_demo_question_1_6_choice_b', NULL, 1),
('seed_demo_answer_seed_demo_submission_seed_demo_student_1_7_seed_demo_exam_2_seed_demo_question_2_1', 'seed_demo_submission_seed_demo_student_1_7_seed_demo_exam_2', 'seed_demo_question_2_1', 'seed_demo_question_2_1_choice_d', NULL, 0),
('seed_demo_answer_seed_demo_submission_seed_demo_student_1_7_seed_demo_exam_2_seed_demo_question_2_2', 'seed_demo_submission_seed_demo_student_1_7_seed_demo_exam_2', 'seed_demo_question_2_2', 'seed_demo_question_2_2_choice_b', NULL, 0),
('seed_demo_answer_seed_demo_submission_seed_demo_student_1_7_seed_demo_exam_2_seed_demo_question_2_3', 'seed_demo_submission_seed_demo_student_1_7_seed_demo_exam_2', 'seed_demo_question_2_3', 'seed_demo_question_2_3_choice_d', NULL, 1),
('seed_demo_answer_seed_demo_submission_seed_demo_student_1_7_seed_demo_exam_2_seed_demo_question_2_4', 'seed_demo_submission_seed_demo_student_1_7_seed_demo_exam_2', 'seed_demo_question_2_4', 'seed_demo_question_2_4_choice_a', NULL, 1),
('seed_demo_answer_seed_demo_submission_seed_demo_student_1_7_seed_demo_exam_2_seed_demo_question_2_5', 'seed_demo_submission_seed_demo_student_1_7_seed_demo_exam_2', 'seed_demo_question_2_5', 'seed_demo_question_2_5_choice_b', NULL, 1),
('seed_demo_answer_seed_demo_submission_seed_demo_student_1_7_seed_demo_exam_2_seed_demo_question_2_6', 'seed_demo_submission_seed_demo_student_1_7_seed_demo_exam_2', 'seed_demo_question_2_6', 'seed_demo_question_2_6_choice_c', NULL, 1),
('seed_demo_answer_seed_demo_submission_seed_demo_student_1_7_seed_demo_exam_3_seed_demo_question_3_1', 'seed_demo_submission_seed_demo_student_1_7_seed_demo_exam_3', 'seed_demo_question_3_1', 'seed_demo_question_3_1_choice_b', NULL, 0),
('seed_demo_answer_seed_demo_submission_seed_demo_student_1_7_seed_demo_exam_3_seed_demo_question_3_2', 'seed_demo_submission_seed_demo_student_1_7_seed_demo_exam_3', 'seed_demo_question_3_2', 'seed_demo_question_3_2_choice_d', NULL, 1),
('seed_demo_answer_seed_demo_submission_seed_demo_student_1_7_seed_demo_exam_3_seed_demo_question_3_3', 'seed_demo_submission_seed_demo_student_1_7_seed_demo_exam_3', 'seed_demo_question_3_3', 'seed_demo_question_3_3_choice_a', NULL, 1),
('seed_demo_answer_seed_demo_submission_seed_demo_student_1_7_seed_demo_exam_3_seed_demo_question_3_4', 'seed_demo_submission_seed_demo_student_1_7_seed_demo_exam_3', 'seed_demo_question_3_4', 'seed_demo_question_3_4_choice_b', NULL, 1),
('seed_demo_answer_seed_demo_submission_seed_demo_student_1_7_seed_demo_exam_3_seed_demo_question_3_5', 'seed_demo_submission_seed_demo_student_1_7_seed_demo_exam_3', 'seed_demo_question_3_5', 'seed_demo_question_3_5_choice_c', NULL, 1),
('seed_demo_answer_seed_demo_submission_seed_demo_student_1_7_seed_demo_exam_3_seed_demo_question_3_6', 'seed_demo_submission_seed_demo_student_1_7_seed_demo_exam_3', 'seed_demo_question_3_6', 'seed_demo_question_3_6_choice_d', NULL, 1),
('seed_demo_answer_seed_demo_submission_seed_demo_student_1_7_seed_demo_exam_4_seed_demo_question_4_1', 'seed_demo_submission_seed_demo_student_1_7_seed_demo_exam_4', 'seed_demo_question_4_1', 'seed_demo_question_4_1_choice_d', NULL, 1),
('seed_demo_answer_seed_demo_submission_seed_demo_student_1_7_seed_demo_exam_4_seed_demo_question_4_2', 'seed_demo_submission_seed_demo_student_1_7_seed_demo_exam_4', 'seed_demo_question_4_2', 'seed_demo_question_4_2_choice_a', NULL, 1),
('seed_demo_answer_seed_demo_submission_seed_demo_student_1_7_seed_demo_exam_4_seed_demo_question_4_3', 'seed_demo_submission_seed_demo_student_1_7_seed_demo_exam_4', 'seed_demo_question_4_3', 'seed_demo_question_4_3_choice_b', NULL, 1),
('seed_demo_answer_seed_demo_submission_seed_demo_student_1_7_seed_demo_exam_4_seed_demo_question_4_4', 'seed_demo_submission_seed_demo_student_1_7_seed_demo_exam_4', 'seed_demo_question_4_4', 'seed_demo_question_4_4_choice_c', NULL, 1),
('seed_demo_answer_seed_demo_submission_seed_demo_student_1_7_seed_demo_exam_4_seed_demo_question_4_5', 'seed_demo_submission_seed_demo_student_1_7_seed_demo_exam_4', 'seed_demo_question_4_5', 'seed_demo_question_4_5_choice_d', NULL, 1),
('seed_demo_answer_seed_demo_submission_seed_demo_student_1_7_seed_demo_exam_4_seed_demo_question_4_6', 'seed_demo_submission_seed_demo_student_1_7_seed_demo_exam_4', 'seed_demo_question_4_6', 'seed_demo_question_4_6_choice_a', NULL, 1),
('seed_demo_answer_seed_demo_submission_seed_demo_student_1_7_seed_demo_exam_5_seed_demo_question_5_1', 'seed_demo_submission_seed_demo_student_1_7_seed_demo_exam_5', 'seed_demo_question_5_1', 'seed_demo_question_5_1_choice_a', NULL, 1),
('seed_demo_answer_seed_demo_submission_seed_demo_student_1_7_seed_demo_exam_5_seed_demo_question_5_2', 'seed_demo_submission_seed_demo_student_1_7_seed_demo_exam_5', 'seed_demo_question_5_2', 'seed_demo_question_5_2_choice_b', NULL, 1),
('seed_demo_answer_seed_demo_submission_seed_demo_student_1_7_seed_demo_exam_5_seed_demo_question_5_3', 'seed_demo_submission_seed_demo_student_1_7_seed_demo_exam_5', 'seed_demo_question_5_3', 'seed_demo_question_5_3_choice_c', NULL, 1),
('seed_demo_answer_seed_demo_submission_seed_demo_student_1_7_seed_demo_exam_5_seed_demo_question_5_4', 'seed_demo_submission_seed_demo_student_1_7_seed_demo_exam_5', 'seed_demo_question_5_4', 'seed_demo_question_5_4_choice_d', NULL, 1),
('seed_demo_answer_seed_demo_submission_seed_demo_student_1_7_seed_demo_exam_5_seed_demo_question_5_5', 'seed_demo_submission_seed_demo_student_1_7_seed_demo_exam_5', 'seed_demo_question_5_5', 'seed_demo_question_5_5_choice_a', NULL, 1),
('seed_demo_answer_seed_demo_submission_seed_demo_student_1_7_seed_demo_exam_5_seed_demo_question_5_6', 'seed_demo_submission_seed_demo_student_1_7_seed_demo_exam_5', 'seed_demo_question_5_6', 'seed_demo_question_5_6_choice_b', NULL, 1),
('seed_demo_answer_seed_demo_submission_seed_demo_student_1_8_seed_demo_exam_1_seed_demo_question_1_1', 'seed_demo_submission_seed_demo_student_1_8_seed_demo_exam_1', 'seed_demo_question_1_1', 'seed_demo_question_1_1_choice_c', NULL, 0),
('seed_demo_answer_seed_demo_submission_seed_demo_student_1_8_seed_demo_exam_1_seed_demo_question_1_2', 'seed_demo_submission_seed_demo_student_1_8_seed_demo_exam_1', 'seed_demo_question_1_2', 'seed_demo_question_1_2_choice_a', NULL, 0),
('seed_demo_answer_seed_demo_submission_seed_demo_student_1_8_seed_demo_exam_1_seed_demo_question_1_3', 'seed_demo_submission_seed_demo_student_1_8_seed_demo_exam_1', 'seed_demo_question_1_3', 'seed_demo_question_1_3_choice_c', NULL, 1),
('seed_demo_answer_seed_demo_submission_seed_demo_student_1_8_seed_demo_exam_1_seed_demo_question_1_4', 'seed_demo_submission_seed_demo_student_1_8_seed_demo_exam_1', 'seed_demo_question_1_4', 'seed_demo_question_1_4_choice_d', NULL, 1),
('seed_demo_answer_seed_demo_submission_seed_demo_student_1_8_seed_demo_exam_1_seed_demo_question_1_5', 'seed_demo_submission_seed_demo_student_1_8_seed_demo_exam_1', 'seed_demo_question_1_5', 'seed_demo_question_1_5_choice_a', NULL, 1),
('seed_demo_answer_seed_demo_submission_seed_demo_student_1_8_seed_demo_exam_1_seed_demo_question_1_6', 'seed_demo_submission_seed_demo_student_1_8_seed_demo_exam_1', 'seed_demo_question_1_6', 'seed_demo_question_1_6_choice_b', NULL, 1),
('seed_demo_answer_seed_demo_submission_seed_demo_student_1_8_seed_demo_exam_2_seed_demo_question_2_1', 'seed_demo_submission_seed_demo_student_1_8_seed_demo_exam_2', 'seed_demo_question_2_1', 'seed_demo_question_2_1_choice_b', NULL, 1),
('seed_demo_answer_seed_demo_submission_seed_demo_student_1_8_seed_demo_exam_2_seed_demo_question_2_2', 'seed_demo_submission_seed_demo_student_1_8_seed_demo_exam_2', 'seed_demo_question_2_2', 'seed_demo_question_2_2_choice_c', NULL, 1),
('seed_demo_answer_seed_demo_submission_seed_demo_student_1_8_seed_demo_exam_2_seed_demo_question_2_3', 'seed_demo_submission_seed_demo_student_1_8_seed_demo_exam_2', 'seed_demo_question_2_3', 'seed_demo_question_2_3_choice_d', NULL, 1),
('seed_demo_answer_seed_demo_submission_seed_demo_student_1_8_seed_demo_exam_2_seed_demo_question_2_4', 'seed_demo_submission_seed_demo_student_1_8_seed_demo_exam_2', 'seed_demo_question_2_4', 'seed_demo_question_2_4_choice_a', NULL, 1),
('seed_demo_answer_seed_demo_submission_seed_demo_student_1_8_seed_demo_exam_2_seed_demo_question_2_5', 'seed_demo_submission_seed_demo_student_1_8_seed_demo_exam_2', 'seed_demo_question_2_5', 'seed_demo_question_2_5_choice_b', NULL, 1),
('seed_demo_answer_seed_demo_submission_seed_demo_student_1_8_seed_demo_exam_2_seed_demo_question_2_6', 'seed_demo_submission_seed_demo_student_1_8_seed_demo_exam_2', 'seed_demo_question_2_6', 'seed_demo_question_2_6_choice_c', NULL, 1),
('seed_demo_answer_seed_demo_submission_seed_demo_student_1_8_seed_demo_exam_3_seed_demo_question_3_1', 'seed_demo_submission_seed_demo_student_1_8_seed_demo_exam_3', 'seed_demo_question_3_1', 'seed_demo_question_3_1_choice_c', NULL, 1),
('seed_demo_answer_seed_demo_submission_seed_demo_student_1_8_seed_demo_exam_3_seed_demo_question_3_2', 'seed_demo_submission_seed_demo_student_1_8_seed_demo_exam_3', 'seed_demo_question_3_2', 'seed_demo_question_3_2_choice_d', NULL, 1),
('seed_demo_answer_seed_demo_submission_seed_demo_student_1_8_seed_demo_exam_3_seed_demo_question_3_3', 'seed_demo_submission_seed_demo_student_1_8_seed_demo_exam_3', 'seed_demo_question_3_3', 'seed_demo_question_3_3_choice_a', NULL, 1),
('seed_demo_answer_seed_demo_submission_seed_demo_student_1_8_seed_demo_exam_3_seed_demo_question_3_4', 'seed_demo_submission_seed_demo_student_1_8_seed_demo_exam_3', 'seed_demo_question_3_4', 'seed_demo_question_3_4_choice_b', NULL, 1),
('seed_demo_answer_seed_demo_submission_seed_demo_student_1_8_seed_demo_exam_3_seed_demo_question_3_5', 'seed_demo_submission_seed_demo_student_1_8_seed_demo_exam_3', 'seed_demo_question_3_5', 'seed_demo_question_3_5_choice_c', NULL, 1),
('seed_demo_answer_seed_demo_submission_seed_demo_student_1_8_seed_demo_exam_3_seed_demo_question_3_6', 'seed_demo_submission_seed_demo_student_1_8_seed_demo_exam_3', 'seed_demo_question_3_6', 'seed_demo_question_3_6_choice_d', NULL, 1),
('seed_demo_answer_seed_demo_submission_seed_demo_student_1_8_seed_demo_exam_4_seed_demo_question_4_1', 'seed_demo_submission_seed_demo_student_1_8_seed_demo_exam_4', 'seed_demo_question_4_1', 'seed_demo_question_4_1_choice_d', NULL, 1),
('seed_demo_answer_seed_demo_submission_seed_demo_student_1_8_seed_demo_exam_4_seed_demo_question_4_2', 'seed_demo_submission_seed_demo_student_1_8_seed_demo_exam_4', 'seed_demo_question_4_2', 'seed_demo_question_4_2_choice_a', NULL, 1),
('seed_demo_answer_seed_demo_submission_seed_demo_student_1_8_seed_demo_exam_4_seed_demo_question_4_3', 'seed_demo_submission_seed_demo_student_1_8_seed_demo_exam_4', 'seed_demo_question_4_3', 'seed_demo_question_4_3_choice_b', NULL, 1),
('seed_demo_answer_seed_demo_submission_seed_demo_student_1_8_seed_demo_exam_4_seed_demo_question_4_4', 'seed_demo_submission_seed_demo_student_1_8_seed_demo_exam_4', 'seed_demo_question_4_4', 'seed_demo_question_4_4_choice_c', NULL, 1),
('seed_demo_answer_seed_demo_submission_seed_demo_student_1_8_seed_demo_exam_4_seed_demo_question_4_5', 'seed_demo_submission_seed_demo_student_1_8_seed_demo_exam_4', 'seed_demo_question_4_5', 'seed_demo_question_4_5_choice_d', NULL, 1),
('seed_demo_answer_seed_demo_submission_seed_demo_student_1_8_seed_demo_exam_4_seed_demo_question_4_6', 'seed_demo_submission_seed_demo_student_1_8_seed_demo_exam_4', 'seed_demo_question_4_6', 'seed_demo_question_4_6_choice_a', NULL, 1),
('seed_demo_answer_seed_demo_submission_seed_demo_student_1_8_seed_demo_exam_5_seed_demo_question_5_1', 'seed_demo_submission_seed_demo_student_1_8_seed_demo_exam_5', 'seed_demo_question_5_1', 'seed_demo_question_5_1_choice_a', NULL, 1),
('seed_demo_answer_seed_demo_submission_seed_demo_student_1_8_seed_demo_exam_5_seed_demo_question_5_2', 'seed_demo_submission_seed_demo_student_1_8_seed_demo_exam_5', 'seed_demo_question_5_2', 'seed_demo_question_5_2_choice_b', NULL, 1),
('seed_demo_answer_seed_demo_submission_seed_demo_student_1_8_seed_demo_exam_5_seed_demo_question_5_3', 'seed_demo_submission_seed_demo_student_1_8_seed_demo_exam_5', 'seed_demo_question_5_3', 'seed_demo_question_5_3_choice_c', NULL, 1),
('seed_demo_answer_seed_demo_submission_seed_demo_student_1_8_seed_demo_exam_5_seed_demo_question_5_4', 'seed_demo_submission_seed_demo_student_1_8_seed_demo_exam_5', 'seed_demo_question_5_4', 'seed_demo_question_5_4_choice_d', NULL, 1),
('seed_demo_answer_seed_demo_submission_seed_demo_student_1_8_seed_demo_exam_5_seed_demo_question_5_5', 'seed_demo_submission_seed_demo_student_1_8_seed_demo_exam_5', 'seed_demo_question_5_5', 'seed_demo_question_5_5_choice_a', NULL, 1),
('seed_demo_answer_seed_demo_submission_seed_demo_student_1_8_seed_demo_exam_5_seed_demo_question_5_6', 'seed_demo_submission_seed_demo_student_1_8_seed_demo_exam_5', 'seed_demo_question_5_6', 'seed_demo_question_5_6_choice_b', NULL, 1);

INSERT INTO student_exam_answers (id, submissionId, questionId, selectedChoiceId, answerText, isCorrect) VALUES
('seed_demo_answer_seed_demo_submission_seed_demo_student_1_9_seed_demo_exam_1_seed_demo_question_1_1', 'seed_demo_submission_seed_demo_student_1_9_seed_demo_exam_1', 'seed_demo_question_1_1', 'seed_demo_question_1_1_choice_a', NULL, 1),
('seed_demo_answer_seed_demo_submission_seed_demo_student_1_9_seed_demo_exam_1_seed_demo_question_1_2', 'seed_demo_submission_seed_demo_student_1_9_seed_demo_exam_1', 'seed_demo_question_1_2', 'seed_demo_question_1_2_choice_b', NULL, 1),
('seed_demo_answer_seed_demo_submission_seed_demo_student_1_9_seed_demo_exam_1_seed_demo_question_1_3', 'seed_demo_submission_seed_demo_student_1_9_seed_demo_exam_1', 'seed_demo_question_1_3', 'seed_demo_question_1_3_choice_c', NULL, 1),
('seed_demo_answer_seed_demo_submission_seed_demo_student_1_9_seed_demo_exam_1_seed_demo_question_1_4', 'seed_demo_submission_seed_demo_student_1_9_seed_demo_exam_1', 'seed_demo_question_1_4', 'seed_demo_question_1_4_choice_d', NULL, 1),
('seed_demo_answer_seed_demo_submission_seed_demo_student_1_9_seed_demo_exam_1_seed_demo_question_1_5', 'seed_demo_submission_seed_demo_student_1_9_seed_demo_exam_1', 'seed_demo_question_1_5', 'seed_demo_question_1_5_choice_a', NULL, 1),
('seed_demo_answer_seed_demo_submission_seed_demo_student_1_9_seed_demo_exam_1_seed_demo_question_1_6', 'seed_demo_submission_seed_demo_student_1_9_seed_demo_exam_1', 'seed_demo_question_1_6', 'seed_demo_question_1_6_choice_b', NULL, 1),
('seed_demo_answer_seed_demo_submission_seed_demo_student_1_9_seed_demo_exam_2_seed_demo_question_2_1', 'seed_demo_submission_seed_demo_student_1_9_seed_demo_exam_2', 'seed_demo_question_2_1', 'seed_demo_question_2_1_choice_b', NULL, 1),
('seed_demo_answer_seed_demo_submission_seed_demo_student_1_9_seed_demo_exam_2_seed_demo_question_2_2', 'seed_demo_submission_seed_demo_student_1_9_seed_demo_exam_2', 'seed_demo_question_2_2', 'seed_demo_question_2_2_choice_c', NULL, 1),
('seed_demo_answer_seed_demo_submission_seed_demo_student_1_9_seed_demo_exam_2_seed_demo_question_2_3', 'seed_demo_submission_seed_demo_student_1_9_seed_demo_exam_2', 'seed_demo_question_2_3', 'seed_demo_question_2_3_choice_d', NULL, 1),
('seed_demo_answer_seed_demo_submission_seed_demo_student_1_9_seed_demo_exam_2_seed_demo_question_2_4', 'seed_demo_submission_seed_demo_student_1_9_seed_demo_exam_2', 'seed_demo_question_2_4', 'seed_demo_question_2_4_choice_a', NULL, 1),
('seed_demo_answer_seed_demo_submission_seed_demo_student_1_9_seed_demo_exam_2_seed_demo_question_2_5', 'seed_demo_submission_seed_demo_student_1_9_seed_demo_exam_2', 'seed_demo_question_2_5', 'seed_demo_question_2_5_choice_b', NULL, 1),
('seed_demo_answer_seed_demo_submission_seed_demo_student_1_9_seed_demo_exam_2_seed_demo_question_2_6', 'seed_demo_submission_seed_demo_student_1_9_seed_demo_exam_2', 'seed_demo_question_2_6', 'seed_demo_question_2_6_choice_c', NULL, 1),
('seed_demo_answer_seed_demo_submission_seed_demo_student_1_9_seed_demo_exam_3_seed_demo_question_3_1', 'seed_demo_submission_seed_demo_student_1_9_seed_demo_exam_3', 'seed_demo_question_3_1', 'seed_demo_question_3_1_choice_c', NULL, 1),
('seed_demo_answer_seed_demo_submission_seed_demo_student_1_9_seed_demo_exam_3_seed_demo_question_3_2', 'seed_demo_submission_seed_demo_student_1_9_seed_demo_exam_3', 'seed_demo_question_3_2', 'seed_demo_question_3_2_choice_d', NULL, 1),
('seed_demo_answer_seed_demo_submission_seed_demo_student_1_9_seed_demo_exam_3_seed_demo_question_3_3', 'seed_demo_submission_seed_demo_student_1_9_seed_demo_exam_3', 'seed_demo_question_3_3', 'seed_demo_question_3_3_choice_a', NULL, 1),
('seed_demo_answer_seed_demo_submission_seed_demo_student_1_9_seed_demo_exam_3_seed_demo_question_3_4', 'seed_demo_submission_seed_demo_student_1_9_seed_demo_exam_3', 'seed_demo_question_3_4', 'seed_demo_question_3_4_choice_b', NULL, 1),
('seed_demo_answer_seed_demo_submission_seed_demo_student_1_9_seed_demo_exam_3_seed_demo_question_3_5', 'seed_demo_submission_seed_demo_student_1_9_seed_demo_exam_3', 'seed_demo_question_3_5', 'seed_demo_question_3_5_choice_c', NULL, 1),
('seed_demo_answer_seed_demo_submission_seed_demo_student_1_9_seed_demo_exam_3_seed_demo_question_3_6', 'seed_demo_submission_seed_demo_student_1_9_seed_demo_exam_3', 'seed_demo_question_3_6', 'seed_demo_question_3_6_choice_d', NULL, 1),
('seed_demo_answer_seed_demo_submission_seed_demo_student_1_9_seed_demo_exam_4_seed_demo_question_4_1', 'seed_demo_submission_seed_demo_student_1_9_seed_demo_exam_4', 'seed_demo_question_4_1', 'seed_demo_question_4_1_choice_d', NULL, 1),
('seed_demo_answer_seed_demo_submission_seed_demo_student_1_9_seed_demo_exam_4_seed_demo_question_4_2', 'seed_demo_submission_seed_demo_student_1_9_seed_demo_exam_4', 'seed_demo_question_4_2', 'seed_demo_question_4_2_choice_a', NULL, 1),
('seed_demo_answer_seed_demo_submission_seed_demo_student_1_9_seed_demo_exam_4_seed_demo_question_4_3', 'seed_demo_submission_seed_demo_student_1_9_seed_demo_exam_4', 'seed_demo_question_4_3', 'seed_demo_question_4_3_choice_b', NULL, 1),
('seed_demo_answer_seed_demo_submission_seed_demo_student_1_9_seed_demo_exam_4_seed_demo_question_4_4', 'seed_demo_submission_seed_demo_student_1_9_seed_demo_exam_4', 'seed_demo_question_4_4', 'seed_demo_question_4_4_choice_c', NULL, 1),
('seed_demo_answer_seed_demo_submission_seed_demo_student_1_9_seed_demo_exam_4_seed_demo_question_4_5', 'seed_demo_submission_seed_demo_student_1_9_seed_demo_exam_4', 'seed_demo_question_4_5', 'seed_demo_question_4_5_choice_d', NULL, 1),
('seed_demo_answer_seed_demo_submission_seed_demo_student_1_9_seed_demo_exam_4_seed_demo_question_4_6', 'seed_demo_submission_seed_demo_student_1_9_seed_demo_exam_4', 'seed_demo_question_4_6', 'seed_demo_question_4_6_choice_a', NULL, 1),
('seed_demo_answer_seed_demo_submission_seed_demo_student_1_9_seed_demo_exam_5_seed_demo_question_5_1', 'seed_demo_submission_seed_demo_student_1_9_seed_demo_exam_5', 'seed_demo_question_5_1', 'seed_demo_question_5_1_choice_b', NULL, 0),
('seed_demo_answer_seed_demo_submission_seed_demo_student_1_9_seed_demo_exam_5_seed_demo_question_5_2', 'seed_demo_submission_seed_demo_student_1_9_seed_demo_exam_5', 'seed_demo_question_5_2', 'seed_demo_question_5_2_choice_d', NULL, 0),
('seed_demo_answer_seed_demo_submission_seed_demo_student_1_9_seed_demo_exam_5_seed_demo_question_5_3', 'seed_demo_submission_seed_demo_student_1_9_seed_demo_exam_5', 'seed_demo_question_5_3', 'seed_demo_question_5_3_choice_b', NULL, 0),
('seed_demo_answer_seed_demo_submission_seed_demo_student_1_9_seed_demo_exam_5_seed_demo_question_5_4', 'seed_demo_submission_seed_demo_student_1_9_seed_demo_exam_5', 'seed_demo_question_5_4', 'seed_demo_question_5_4_choice_a', NULL, 0),
('seed_demo_answer_seed_demo_submission_seed_demo_student_1_9_seed_demo_exam_5_seed_demo_question_5_5', 'seed_demo_submission_seed_demo_student_1_9_seed_demo_exam_5', 'seed_demo_question_5_5', 'seed_demo_question_5_5_choice_c', NULL, 0),
('seed_demo_answer_seed_demo_submission_seed_demo_student_1_9_seed_demo_exam_5_seed_demo_question_5_6', 'seed_demo_submission_seed_demo_student_1_9_seed_demo_exam_5', 'seed_demo_question_5_6', 'seed_demo_question_5_6_choice_a', NULL, 0),
('seed_demo_answer_seed_demo_submission_seed_demo_student_1_10_seed_demo_exam_1_seed_demo_question_1_1', 'seed_demo_submission_seed_demo_student_1_10_seed_demo_exam_1', 'seed_demo_question_1_1', 'seed_demo_question_1_1_choice_a', NULL, 1),
('seed_demo_answer_seed_demo_submission_seed_demo_student_1_10_seed_demo_exam_1_seed_demo_question_1_2', 'seed_demo_submission_seed_demo_student_1_10_seed_demo_exam_1', 'seed_demo_question_1_2', 'seed_demo_question_1_2_choice_b', NULL, 1),
('seed_demo_answer_seed_demo_submission_seed_demo_student_1_10_seed_demo_exam_1_seed_demo_question_1_3', 'seed_demo_submission_seed_demo_student_1_10_seed_demo_exam_1', 'seed_demo_question_1_3', 'seed_demo_question_1_3_choice_c', NULL, 1),
('seed_demo_answer_seed_demo_submission_seed_demo_student_1_10_seed_demo_exam_1_seed_demo_question_1_4', 'seed_demo_submission_seed_demo_student_1_10_seed_demo_exam_1', 'seed_demo_question_1_4', 'seed_demo_question_1_4_choice_d', NULL, 1),
('seed_demo_answer_seed_demo_submission_seed_demo_student_1_10_seed_demo_exam_1_seed_demo_question_1_5', 'seed_demo_submission_seed_demo_student_1_10_seed_demo_exam_1', 'seed_demo_question_1_5', 'seed_demo_question_1_5_choice_a', NULL, 1),
('seed_demo_answer_seed_demo_submission_seed_demo_student_1_10_seed_demo_exam_1_seed_demo_question_1_6', 'seed_demo_submission_seed_demo_student_1_10_seed_demo_exam_1', 'seed_demo_question_1_6', 'seed_demo_question_1_6_choice_b', NULL, 1),
('seed_demo_answer_seed_demo_submission_seed_demo_student_1_10_seed_demo_exam_2_seed_demo_question_2_1', 'seed_demo_submission_seed_demo_student_1_10_seed_demo_exam_2', 'seed_demo_question_2_1', 'seed_demo_question_2_1_choice_b', NULL, 1),
('seed_demo_answer_seed_demo_submission_seed_demo_student_1_10_seed_demo_exam_2_seed_demo_question_2_2', 'seed_demo_submission_seed_demo_student_1_10_seed_demo_exam_2', 'seed_demo_question_2_2', 'seed_demo_question_2_2_choice_c', NULL, 1),
('seed_demo_answer_seed_demo_submission_seed_demo_student_1_10_seed_demo_exam_2_seed_demo_question_2_3', 'seed_demo_submission_seed_demo_student_1_10_seed_demo_exam_2', 'seed_demo_question_2_3', 'seed_demo_question_2_3_choice_d', NULL, 1),
('seed_demo_answer_seed_demo_submission_seed_demo_student_1_10_seed_demo_exam_2_seed_demo_question_2_4', 'seed_demo_submission_seed_demo_student_1_10_seed_demo_exam_2', 'seed_demo_question_2_4', 'seed_demo_question_2_4_choice_a', NULL, 1),
('seed_demo_answer_seed_demo_submission_seed_demo_student_1_10_seed_demo_exam_2_seed_demo_question_2_5', 'seed_demo_submission_seed_demo_student_1_10_seed_demo_exam_2', 'seed_demo_question_2_5', 'seed_demo_question_2_5_choice_b', NULL, 1),
('seed_demo_answer_seed_demo_submission_seed_demo_student_1_10_seed_demo_exam_2_seed_demo_question_2_6', 'seed_demo_submission_seed_demo_student_1_10_seed_demo_exam_2', 'seed_demo_question_2_6', 'seed_demo_question_2_6_choice_c', NULL, 1),
('seed_demo_answer_seed_demo_submission_seed_demo_student_1_10_seed_demo_exam_3_seed_demo_question_3_1', 'seed_demo_submission_seed_demo_student_1_10_seed_demo_exam_3', 'seed_demo_question_3_1', 'seed_demo_question_3_1_choice_c', NULL, 1),
('seed_demo_answer_seed_demo_submission_seed_demo_student_1_10_seed_demo_exam_3_seed_demo_question_3_2', 'seed_demo_submission_seed_demo_student_1_10_seed_demo_exam_3', 'seed_demo_question_3_2', 'seed_demo_question_3_2_choice_d', NULL, 1),
('seed_demo_answer_seed_demo_submission_seed_demo_student_1_10_seed_demo_exam_3_seed_demo_question_3_3', 'seed_demo_submission_seed_demo_student_1_10_seed_demo_exam_3', 'seed_demo_question_3_3', 'seed_demo_question_3_3_choice_a', NULL, 1),
('seed_demo_answer_seed_demo_submission_seed_demo_student_1_10_seed_demo_exam_3_seed_demo_question_3_4', 'seed_demo_submission_seed_demo_student_1_10_seed_demo_exam_3', 'seed_demo_question_3_4', 'seed_demo_question_3_4_choice_b', NULL, 1),
('seed_demo_answer_seed_demo_submission_seed_demo_student_1_10_seed_demo_exam_3_seed_demo_question_3_5', 'seed_demo_submission_seed_demo_student_1_10_seed_demo_exam_3', 'seed_demo_question_3_5', 'seed_demo_question_3_5_choice_c', NULL, 1),
('seed_demo_answer_seed_demo_submission_seed_demo_student_1_10_seed_demo_exam_3_seed_demo_question_3_6', 'seed_demo_submission_seed_demo_student_1_10_seed_demo_exam_3', 'seed_demo_question_3_6', 'seed_demo_question_3_6_choice_d', NULL, 1),
('seed_demo_answer_seed_demo_submission_seed_demo_student_1_10_seed_demo_exam_4_seed_demo_question_4_1', 'seed_demo_submission_seed_demo_student_1_10_seed_demo_exam_4', 'seed_demo_question_4_1', 'seed_demo_question_4_1_choice_a', NULL, 0),
('seed_demo_answer_seed_demo_submission_seed_demo_student_1_10_seed_demo_exam_4_seed_demo_question_4_2', 'seed_demo_submission_seed_demo_student_1_10_seed_demo_exam_4', 'seed_demo_question_4_2', 'seed_demo_question_4_2_choice_c', NULL, 0),
('seed_demo_answer_seed_demo_submission_seed_demo_student_1_10_seed_demo_exam_4_seed_demo_question_4_3', 'seed_demo_submission_seed_demo_student_1_10_seed_demo_exam_4', 'seed_demo_question_4_3', 'seed_demo_question_4_3_choice_a', NULL, 0),
('seed_demo_answer_seed_demo_submission_seed_demo_student_1_10_seed_demo_exam_4_seed_demo_question_4_4', 'seed_demo_submission_seed_demo_student_1_10_seed_demo_exam_4', 'seed_demo_question_4_4', 'seed_demo_question_4_4_choice_d', NULL, 0),
('seed_demo_answer_seed_demo_submission_seed_demo_student_1_10_seed_demo_exam_4_seed_demo_question_4_5', 'seed_demo_submission_seed_demo_student_1_10_seed_demo_exam_4', 'seed_demo_question_4_5', 'seed_demo_question_4_5_choice_b', NULL, 0),
('seed_demo_answer_seed_demo_submission_seed_demo_student_1_10_seed_demo_exam_4_seed_demo_question_4_6', 'seed_demo_submission_seed_demo_student_1_10_seed_demo_exam_4', 'seed_demo_question_4_6', 'seed_demo_question_4_6_choice_d', NULL, 0),
('seed_demo_answer_seed_demo_submission_seed_demo_student_1_10_seed_demo_exam_5_seed_demo_question_5_1', 'seed_demo_submission_seed_demo_student_1_10_seed_demo_exam_5', 'seed_demo_question_5_1', 'seed_demo_question_5_1_choice_c', NULL, 0),
('seed_demo_answer_seed_demo_submission_seed_demo_student_1_10_seed_demo_exam_5_seed_demo_question_5_2', 'seed_demo_submission_seed_demo_student_1_10_seed_demo_exam_5', 'seed_demo_question_5_2', 'seed_demo_question_5_2_choice_a', NULL, 0),
('seed_demo_answer_seed_demo_submission_seed_demo_student_1_10_seed_demo_exam_5_seed_demo_question_5_3', 'seed_demo_submission_seed_demo_student_1_10_seed_demo_exam_5', 'seed_demo_question_5_3', 'seed_demo_question_5_3_choice_d', NULL, 0),
('seed_demo_answer_seed_demo_submission_seed_demo_student_1_10_seed_demo_exam_5_seed_demo_question_5_4', 'seed_demo_submission_seed_demo_student_1_10_seed_demo_exam_5', 'seed_demo_question_5_4', 'seed_demo_question_5_4_choice_b', NULL, 0),
('seed_demo_answer_seed_demo_submission_seed_demo_student_1_10_seed_demo_exam_5_seed_demo_question_5_5', 'seed_demo_submission_seed_demo_student_1_10_seed_demo_exam_5', 'seed_demo_question_5_5', 'seed_demo_question_5_5_choice_a', NULL, 1),
('seed_demo_answer_seed_demo_submission_seed_demo_student_1_10_seed_demo_exam_5_seed_demo_question_5_6', 'seed_demo_submission_seed_demo_student_1_10_seed_demo_exam_5', 'seed_demo_question_5_6', 'seed_demo_question_5_6_choice_b', NULL, 1),
('seed_demo_answer_seed_demo_submission_seed_demo_student_1_11_seed_demo_exam_1_seed_demo_question_1_1', 'seed_demo_submission_seed_demo_student_1_11_seed_demo_exam_1', 'seed_demo_question_1_1', 'seed_demo_question_1_1_choice_a', NULL, 1),
('seed_demo_answer_seed_demo_submission_seed_demo_student_1_11_seed_demo_exam_1_seed_demo_question_1_2', 'seed_demo_submission_seed_demo_student_1_11_seed_demo_exam_1', 'seed_demo_question_1_2', 'seed_demo_question_1_2_choice_b', NULL, 1),
('seed_demo_answer_seed_demo_submission_seed_demo_student_1_11_seed_demo_exam_1_seed_demo_question_1_3', 'seed_demo_submission_seed_demo_student_1_11_seed_demo_exam_1', 'seed_demo_question_1_3', 'seed_demo_question_1_3_choice_c', NULL, 1),
('seed_demo_answer_seed_demo_submission_seed_demo_student_1_11_seed_demo_exam_1_seed_demo_question_1_4', 'seed_demo_submission_seed_demo_student_1_11_seed_demo_exam_1', 'seed_demo_question_1_4', 'seed_demo_question_1_4_choice_d', NULL, 1),
('seed_demo_answer_seed_demo_submission_seed_demo_student_1_11_seed_demo_exam_1_seed_demo_question_1_5', 'seed_demo_submission_seed_demo_student_1_11_seed_demo_exam_1', 'seed_demo_question_1_5', 'seed_demo_question_1_5_choice_a', NULL, 1),
('seed_demo_answer_seed_demo_submission_seed_demo_student_1_11_seed_demo_exam_1_seed_demo_question_1_6', 'seed_demo_submission_seed_demo_student_1_11_seed_demo_exam_1', 'seed_demo_question_1_6', 'seed_demo_question_1_6_choice_b', NULL, 1),
('seed_demo_answer_seed_demo_submission_seed_demo_student_1_11_seed_demo_exam_2_seed_demo_question_2_1', 'seed_demo_submission_seed_demo_student_1_11_seed_demo_exam_2', 'seed_demo_question_2_1', 'seed_demo_question_2_1_choice_b', NULL, 1),
('seed_demo_answer_seed_demo_submission_seed_demo_student_1_11_seed_demo_exam_2_seed_demo_question_2_2', 'seed_demo_submission_seed_demo_student_1_11_seed_demo_exam_2', 'seed_demo_question_2_2', 'seed_demo_question_2_2_choice_c', NULL, 1),
('seed_demo_answer_seed_demo_submission_seed_demo_student_1_11_seed_demo_exam_2_seed_demo_question_2_3', 'seed_demo_submission_seed_demo_student_1_11_seed_demo_exam_2', 'seed_demo_question_2_3', 'seed_demo_question_2_3_choice_d', NULL, 1),
('seed_demo_answer_seed_demo_submission_seed_demo_student_1_11_seed_demo_exam_2_seed_demo_question_2_4', 'seed_demo_submission_seed_demo_student_1_11_seed_demo_exam_2', 'seed_demo_question_2_4', 'seed_demo_question_2_4_choice_a', NULL, 1),
('seed_demo_answer_seed_demo_submission_seed_demo_student_1_11_seed_demo_exam_2_seed_demo_question_2_5', 'seed_demo_submission_seed_demo_student_1_11_seed_demo_exam_2', 'seed_demo_question_2_5', 'seed_demo_question_2_5_choice_b', NULL, 1),
('seed_demo_answer_seed_demo_submission_seed_demo_student_1_11_seed_demo_exam_2_seed_demo_question_2_6', 'seed_demo_submission_seed_demo_student_1_11_seed_demo_exam_2', 'seed_demo_question_2_6', 'seed_demo_question_2_6_choice_c', NULL, 1),
('seed_demo_answer_seed_demo_submission_seed_demo_student_1_11_seed_demo_exam_3_seed_demo_question_3_1', 'seed_demo_submission_seed_demo_student_1_11_seed_demo_exam_3', 'seed_demo_question_3_1', 'seed_demo_question_3_1_choice_d', NULL, 0),
('seed_demo_answer_seed_demo_submission_seed_demo_student_1_11_seed_demo_exam_3_seed_demo_question_3_2', 'seed_demo_submission_seed_demo_student_1_11_seed_demo_exam_3', 'seed_demo_question_3_2', 'seed_demo_question_3_2_choice_b', NULL, 0),
('seed_demo_answer_seed_demo_submission_seed_demo_student_1_11_seed_demo_exam_3_seed_demo_question_3_3', 'seed_demo_submission_seed_demo_student_1_11_seed_demo_exam_3', 'seed_demo_question_3_3', 'seed_demo_question_3_3_choice_d', NULL, 0),
('seed_demo_answer_seed_demo_submission_seed_demo_student_1_11_seed_demo_exam_3_seed_demo_question_3_4', 'seed_demo_submission_seed_demo_student_1_11_seed_demo_exam_3', 'seed_demo_question_3_4', 'seed_demo_question_3_4_choice_c', NULL, 0),
('seed_demo_answer_seed_demo_submission_seed_demo_student_1_11_seed_demo_exam_3_seed_demo_question_3_5', 'seed_demo_submission_seed_demo_student_1_11_seed_demo_exam_3', 'seed_demo_question_3_5', 'seed_demo_question_3_5_choice_a', NULL, 0),
('seed_demo_answer_seed_demo_submission_seed_demo_student_1_11_seed_demo_exam_3_seed_demo_question_3_6', 'seed_demo_submission_seed_demo_student_1_11_seed_demo_exam_3', 'seed_demo_question_3_6', 'seed_demo_question_3_6_choice_d', NULL, 1),
('seed_demo_answer_seed_demo_submission_seed_demo_student_1_11_seed_demo_exam_4_seed_demo_question_4_1', 'seed_demo_submission_seed_demo_student_1_11_seed_demo_exam_4', 'seed_demo_question_4_1', 'seed_demo_question_4_1_choice_b', NULL, 0),
('seed_demo_answer_seed_demo_submission_seed_demo_student_1_11_seed_demo_exam_4_seed_demo_question_4_2', 'seed_demo_submission_seed_demo_student_1_11_seed_demo_exam_4', 'seed_demo_question_4_2', 'seed_demo_question_4_2_choice_d', NULL, 0);

INSERT INTO student_exam_answers (id, submissionId, questionId, selectedChoiceId, answerText, isCorrect) VALUES
('seed_demo_answer_seed_demo_submission_seed_demo_student_1_11_seed_demo_exam_4_seed_demo_question_4_3', 'seed_demo_submission_seed_demo_student_1_11_seed_demo_exam_4', 'seed_demo_question_4_3', 'seed_demo_question_4_3_choice_c', NULL, 0),
('seed_demo_answer_seed_demo_submission_seed_demo_student_1_11_seed_demo_exam_4_seed_demo_question_4_4', 'seed_demo_submission_seed_demo_student_1_11_seed_demo_exam_4', 'seed_demo_question_4_4', 'seed_demo_question_4_4_choice_c', NULL, 1),
('seed_demo_answer_seed_demo_submission_seed_demo_student_1_11_seed_demo_exam_4_seed_demo_question_4_5', 'seed_demo_submission_seed_demo_student_1_11_seed_demo_exam_4', 'seed_demo_question_4_5', 'seed_demo_question_4_5_choice_d', NULL, 1),
('seed_demo_answer_seed_demo_submission_seed_demo_student_1_11_seed_demo_exam_4_seed_demo_question_4_6', 'seed_demo_submission_seed_demo_student_1_11_seed_demo_exam_4', 'seed_demo_question_4_6', 'seed_demo_question_4_6_choice_a', NULL, 1),
('seed_demo_answer_seed_demo_submission_seed_demo_student_1_11_seed_demo_exam_5_seed_demo_question_5_1', 'seed_demo_submission_seed_demo_student_1_11_seed_demo_exam_5', 'seed_demo_question_5_1', 'seed_demo_question_5_1_choice_d', NULL, 0),
('seed_demo_answer_seed_demo_submission_seed_demo_student_1_11_seed_demo_exam_5_seed_demo_question_5_2', 'seed_demo_submission_seed_demo_student_1_11_seed_demo_exam_5', 'seed_demo_question_5_2', 'seed_demo_question_5_2_choice_b', NULL, 1),
('seed_demo_answer_seed_demo_submission_seed_demo_student_1_11_seed_demo_exam_5_seed_demo_question_5_3', 'seed_demo_submission_seed_demo_student_1_11_seed_demo_exam_5', 'seed_demo_question_5_3', 'seed_demo_question_5_3_choice_c', NULL, 1),
('seed_demo_answer_seed_demo_submission_seed_demo_student_1_11_seed_demo_exam_5_seed_demo_question_5_4', 'seed_demo_submission_seed_demo_student_1_11_seed_demo_exam_5', 'seed_demo_question_5_4', 'seed_demo_question_5_4_choice_d', NULL, 1),
('seed_demo_answer_seed_demo_submission_seed_demo_student_1_11_seed_demo_exam_5_seed_demo_question_5_5', 'seed_demo_submission_seed_demo_student_1_11_seed_demo_exam_5', 'seed_demo_question_5_5', 'seed_demo_question_5_5_choice_a', NULL, 1),
('seed_demo_answer_seed_demo_submission_seed_demo_student_1_11_seed_demo_exam_5_seed_demo_question_5_6', 'seed_demo_submission_seed_demo_student_1_11_seed_demo_exam_5', 'seed_demo_question_5_6', 'seed_demo_question_5_6_choice_b', NULL, 1),
('seed_demo_answer_seed_demo_submission_seed_demo_student_1_12_seed_demo_exam_1_seed_demo_question_1_1', 'seed_demo_submission_seed_demo_student_1_12_seed_demo_exam_1', 'seed_demo_question_1_1', 'seed_demo_question_1_1_choice_a', NULL, 1),
('seed_demo_answer_seed_demo_submission_seed_demo_student_1_12_seed_demo_exam_1_seed_demo_question_1_2', 'seed_demo_submission_seed_demo_student_1_12_seed_demo_exam_1', 'seed_demo_question_1_2', 'seed_demo_question_1_2_choice_b', NULL, 1),
('seed_demo_answer_seed_demo_submission_seed_demo_student_1_12_seed_demo_exam_1_seed_demo_question_1_3', 'seed_demo_submission_seed_demo_student_1_12_seed_demo_exam_1', 'seed_demo_question_1_3', 'seed_demo_question_1_3_choice_c', NULL, 1),
('seed_demo_answer_seed_demo_submission_seed_demo_student_1_12_seed_demo_exam_1_seed_demo_question_1_4', 'seed_demo_submission_seed_demo_student_1_12_seed_demo_exam_1', 'seed_demo_question_1_4', 'seed_demo_question_1_4_choice_d', NULL, 1),
('seed_demo_answer_seed_demo_submission_seed_demo_student_1_12_seed_demo_exam_1_seed_demo_question_1_5', 'seed_demo_submission_seed_demo_student_1_12_seed_demo_exam_1', 'seed_demo_question_1_5', 'seed_demo_question_1_5_choice_a', NULL, 1),
('seed_demo_answer_seed_demo_submission_seed_demo_student_1_12_seed_demo_exam_1_seed_demo_question_1_6', 'seed_demo_submission_seed_demo_student_1_12_seed_demo_exam_1', 'seed_demo_question_1_6', 'seed_demo_question_1_6_choice_d', NULL, 0),
('seed_demo_answer_seed_demo_submission_seed_demo_student_1_12_seed_demo_exam_2_seed_demo_question_2_1', 'seed_demo_submission_seed_demo_student_1_12_seed_demo_exam_2', 'seed_demo_question_2_1', 'seed_demo_question_2_1_choice_c', NULL, 0),
('seed_demo_answer_seed_demo_submission_seed_demo_student_1_12_seed_demo_exam_2_seed_demo_question_2_2', 'seed_demo_submission_seed_demo_student_1_12_seed_demo_exam_2', 'seed_demo_question_2_2', 'seed_demo_question_2_2_choice_a', NULL, 0),
('seed_demo_answer_seed_demo_submission_seed_demo_student_1_12_seed_demo_exam_2_seed_demo_question_2_3', 'seed_demo_submission_seed_demo_student_1_12_seed_demo_exam_2', 'seed_demo_question_2_3', 'seed_demo_question_2_3_choice_c', NULL, 0),
('seed_demo_answer_seed_demo_submission_seed_demo_student_1_12_seed_demo_exam_2_seed_demo_question_2_4', 'seed_demo_submission_seed_demo_student_1_12_seed_demo_exam_2', 'seed_demo_question_2_4', 'seed_demo_question_2_4_choice_b', NULL, 0),
('seed_demo_answer_seed_demo_submission_seed_demo_student_1_12_seed_demo_exam_2_seed_demo_question_2_5', 'seed_demo_submission_seed_demo_student_1_12_seed_demo_exam_2', 'seed_demo_question_2_5', 'seed_demo_question_2_5_choice_d', NULL, 0),
('seed_demo_answer_seed_demo_submission_seed_demo_student_1_12_seed_demo_exam_2_seed_demo_question_2_6', 'seed_demo_submission_seed_demo_student_1_12_seed_demo_exam_2', 'seed_demo_question_2_6', 'seed_demo_question_2_6_choice_c', NULL, 1),
('seed_demo_answer_seed_demo_submission_seed_demo_student_1_12_seed_demo_exam_3_seed_demo_question_3_1', 'seed_demo_submission_seed_demo_student_1_12_seed_demo_exam_3', 'seed_demo_question_3_1', 'seed_demo_question_3_1_choice_a', NULL, 0),
('seed_demo_answer_seed_demo_submission_seed_demo_student_1_12_seed_demo_exam_3_seed_demo_question_3_2', 'seed_demo_submission_seed_demo_student_1_12_seed_demo_exam_3', 'seed_demo_question_3_2', 'seed_demo_question_3_2_choice_c', NULL, 0),
('seed_demo_answer_seed_demo_submission_seed_demo_student_1_12_seed_demo_exam_3_seed_demo_question_3_3', 'seed_demo_submission_seed_demo_student_1_12_seed_demo_exam_3', 'seed_demo_question_3_3', 'seed_demo_question_3_3_choice_b', NULL, 0),
('seed_demo_answer_seed_demo_submission_seed_demo_student_1_12_seed_demo_exam_3_seed_demo_question_3_4', 'seed_demo_submission_seed_demo_student_1_12_seed_demo_exam_3', 'seed_demo_question_3_4', 'seed_demo_question_3_4_choice_b', NULL, 1),
('seed_demo_answer_seed_demo_submission_seed_demo_student_1_12_seed_demo_exam_3_seed_demo_question_3_5', 'seed_demo_submission_seed_demo_student_1_12_seed_demo_exam_3', 'seed_demo_question_3_5', 'seed_demo_question_3_5_choice_c', NULL, 1),
('seed_demo_answer_seed_demo_submission_seed_demo_student_1_12_seed_demo_exam_3_seed_demo_question_3_6', 'seed_demo_submission_seed_demo_student_1_12_seed_demo_exam_3', 'seed_demo_question_3_6', 'seed_demo_question_3_6_choice_d', NULL, 1),
('seed_demo_answer_seed_demo_submission_seed_demo_student_1_12_seed_demo_exam_4_seed_demo_question_4_1', 'seed_demo_submission_seed_demo_student_1_12_seed_demo_exam_4', 'seed_demo_question_4_1', 'seed_demo_question_4_1_choice_c', NULL, 0),
('seed_demo_answer_seed_demo_submission_seed_demo_student_1_12_seed_demo_exam_4_seed_demo_question_4_2', 'seed_demo_submission_seed_demo_student_1_12_seed_demo_exam_4', 'seed_demo_question_4_2', 'seed_demo_question_4_2_choice_a', NULL, 1),
('seed_demo_answer_seed_demo_submission_seed_demo_student_1_12_seed_demo_exam_4_seed_demo_question_4_3', 'seed_demo_submission_seed_demo_student_1_12_seed_demo_exam_4', 'seed_demo_question_4_3', 'seed_demo_question_4_3_choice_b', NULL, 1),
('seed_demo_answer_seed_demo_submission_seed_demo_student_1_12_seed_demo_exam_4_seed_demo_question_4_4', 'seed_demo_submission_seed_demo_student_1_12_seed_demo_exam_4', 'seed_demo_question_4_4', 'seed_demo_question_4_4_choice_c', NULL, 1),
('seed_demo_answer_seed_demo_submission_seed_demo_student_1_12_seed_demo_exam_4_seed_demo_question_4_5', 'seed_demo_submission_seed_demo_student_1_12_seed_demo_exam_4', 'seed_demo_question_4_5', 'seed_demo_question_4_5_choice_d', NULL, 1),
('seed_demo_answer_seed_demo_submission_seed_demo_student_1_12_seed_demo_exam_4_seed_demo_question_4_6', 'seed_demo_submission_seed_demo_student_1_12_seed_demo_exam_4', 'seed_demo_question_4_6', 'seed_demo_question_4_6_choice_a', NULL, 1),
('seed_demo_answer_seed_demo_submission_seed_demo_student_1_12_seed_demo_exam_5_seed_demo_question_5_1', 'seed_demo_submission_seed_demo_student_1_12_seed_demo_exam_5', 'seed_demo_question_5_1', 'seed_demo_question_5_1_choice_a', NULL, 1),
('seed_demo_answer_seed_demo_submission_seed_demo_student_1_12_seed_demo_exam_5_seed_demo_question_5_2', 'seed_demo_submission_seed_demo_student_1_12_seed_demo_exam_5', 'seed_demo_question_5_2', 'seed_demo_question_5_2_choice_b', NULL, 1),
('seed_demo_answer_seed_demo_submission_seed_demo_student_1_12_seed_demo_exam_5_seed_demo_question_5_3', 'seed_demo_submission_seed_demo_student_1_12_seed_demo_exam_5', 'seed_demo_question_5_3', 'seed_demo_question_5_3_choice_c', NULL, 1),
('seed_demo_answer_seed_demo_submission_seed_demo_student_1_12_seed_demo_exam_5_seed_demo_question_5_4', 'seed_demo_submission_seed_demo_student_1_12_seed_demo_exam_5', 'seed_demo_question_5_4', 'seed_demo_question_5_4_choice_d', NULL, 1),
('seed_demo_answer_seed_demo_submission_seed_demo_student_1_12_seed_demo_exam_5_seed_demo_question_5_5', 'seed_demo_submission_seed_demo_student_1_12_seed_demo_exam_5', 'seed_demo_question_5_5', 'seed_demo_question_5_5_choice_a', NULL, 1),
('seed_demo_answer_seed_demo_submission_seed_demo_student_1_12_seed_demo_exam_5_seed_demo_question_5_6', 'seed_demo_submission_seed_demo_student_1_12_seed_demo_exam_5', 'seed_demo_question_5_6', 'seed_demo_question_5_6_choice_b', NULL, 1),
('seed_demo_answer_seed_demo_submission_seed_demo_student_2_1_seed_demo_exam_1_seed_demo_question_1_1', 'seed_demo_submission_seed_demo_student_2_1_seed_demo_exam_1', 'seed_demo_question_1_1', 'seed_demo_question_1_1_choice_b', NULL, 0),
('seed_demo_answer_seed_demo_submission_seed_demo_student_2_1_seed_demo_exam_1_seed_demo_question_1_2', 'seed_demo_submission_seed_demo_student_2_1_seed_demo_exam_1', 'seed_demo_question_1_2', 'seed_demo_question_1_2_choice_d', NULL, 0),
('seed_demo_answer_seed_demo_submission_seed_demo_student_2_1_seed_demo_exam_1_seed_demo_question_1_3', 'seed_demo_submission_seed_demo_student_2_1_seed_demo_exam_1', 'seed_demo_question_1_3', 'seed_demo_question_1_3_choice_b', NULL, 0),
('seed_demo_answer_seed_demo_submission_seed_demo_student_2_1_seed_demo_exam_1_seed_demo_question_1_4', 'seed_demo_submission_seed_demo_student_2_1_seed_demo_exam_1', 'seed_demo_question_1_4', 'seed_demo_question_1_4_choice_a', NULL, 0),
('seed_demo_answer_seed_demo_submission_seed_demo_student_2_1_seed_demo_exam_1_seed_demo_question_1_5', 'seed_demo_submission_seed_demo_student_2_1_seed_demo_exam_1', 'seed_demo_question_1_5', 'seed_demo_question_1_5_choice_a', NULL, 1),
('seed_demo_answer_seed_demo_submission_seed_demo_student_2_1_seed_demo_exam_1_seed_demo_question_1_6', 'seed_demo_submission_seed_demo_student_2_1_seed_demo_exam_1', 'seed_demo_question_1_6', 'seed_demo_question_1_6_choice_b', NULL, 1),
('seed_demo_answer_seed_demo_submission_seed_demo_student_2_1_seed_demo_exam_2_seed_demo_question_2_1', 'seed_demo_submission_seed_demo_student_2_1_seed_demo_exam_2', 'seed_demo_question_2_1', 'seed_demo_question_2_1_choice_d', NULL, 0),
('seed_demo_answer_seed_demo_submission_seed_demo_student_2_1_seed_demo_exam_2_seed_demo_question_2_2', 'seed_demo_submission_seed_demo_student_2_1_seed_demo_exam_2', 'seed_demo_question_2_2', 'seed_demo_question_2_2_choice_b', NULL, 0),
('seed_demo_answer_seed_demo_submission_seed_demo_student_2_1_seed_demo_exam_2_seed_demo_question_2_3', 'seed_demo_submission_seed_demo_student_2_1_seed_demo_exam_2', 'seed_demo_question_2_3', 'seed_demo_question_2_3_choice_d', NULL, 1),
('seed_demo_answer_seed_demo_submission_seed_demo_student_2_1_seed_demo_exam_2_seed_demo_question_2_4', 'seed_demo_submission_seed_demo_student_2_1_seed_demo_exam_2', 'seed_demo_question_2_4', 'seed_demo_question_2_4_choice_a', NULL, 1),
('seed_demo_answer_seed_demo_submission_seed_demo_student_2_1_seed_demo_exam_2_seed_demo_question_2_5', 'seed_demo_submission_seed_demo_student_2_1_seed_demo_exam_2', 'seed_demo_question_2_5', 'seed_demo_question_2_5_choice_b', NULL, 1),
('seed_demo_answer_seed_demo_submission_seed_demo_student_2_1_seed_demo_exam_2_seed_demo_question_2_6', 'seed_demo_submission_seed_demo_student_2_1_seed_demo_exam_2', 'seed_demo_question_2_6', 'seed_demo_question_2_6_choice_c', NULL, 1),
('seed_demo_answer_seed_demo_submission_seed_demo_student_2_1_seed_demo_exam_3_seed_demo_question_3_1', 'seed_demo_submission_seed_demo_student_2_1_seed_demo_exam_3', 'seed_demo_question_3_1', 'seed_demo_question_3_1_choice_c', NULL, 1),
('seed_demo_answer_seed_demo_submission_seed_demo_student_2_1_seed_demo_exam_3_seed_demo_question_3_2', 'seed_demo_submission_seed_demo_student_2_1_seed_demo_exam_3', 'seed_demo_question_3_2', 'seed_demo_question_3_2_choice_d', NULL, 1),
('seed_demo_answer_seed_demo_submission_seed_demo_student_2_1_seed_demo_exam_3_seed_demo_question_3_3', 'seed_demo_submission_seed_demo_student_2_1_seed_demo_exam_3', 'seed_demo_question_3_3', 'seed_demo_question_3_3_choice_a', NULL, 1),
('seed_demo_answer_seed_demo_submission_seed_demo_student_2_1_seed_demo_exam_3_seed_demo_question_3_4', 'seed_demo_submission_seed_demo_student_2_1_seed_demo_exam_3', 'seed_demo_question_3_4', 'seed_demo_question_3_4_choice_b', NULL, 1),
('seed_demo_answer_seed_demo_submission_seed_demo_student_2_1_seed_demo_exam_3_seed_demo_question_3_5', 'seed_demo_submission_seed_demo_student_2_1_seed_demo_exam_3', 'seed_demo_question_3_5', 'seed_demo_question_3_5_choice_c', NULL, 1),
('seed_demo_answer_seed_demo_submission_seed_demo_student_2_1_seed_demo_exam_3_seed_demo_question_3_6', 'seed_demo_submission_seed_demo_student_2_1_seed_demo_exam_3', 'seed_demo_question_3_6', 'seed_demo_question_3_6_choice_d', NULL, 1),
('seed_demo_answer_seed_demo_submission_seed_demo_student_2_1_seed_demo_exam_4_seed_demo_question_4_1', 'seed_demo_submission_seed_demo_student_2_1_seed_demo_exam_4', 'seed_demo_question_4_1', 'seed_demo_question_4_1_choice_d', NULL, 1),
('seed_demo_answer_seed_demo_submission_seed_demo_student_2_1_seed_demo_exam_4_seed_demo_question_4_2', 'seed_demo_submission_seed_demo_student_2_1_seed_demo_exam_4', 'seed_demo_question_4_2', 'seed_demo_question_4_2_choice_a', NULL, 1),
('seed_demo_answer_seed_demo_submission_seed_demo_student_2_1_seed_demo_exam_4_seed_demo_question_4_3', 'seed_demo_submission_seed_demo_student_2_1_seed_demo_exam_4', 'seed_demo_question_4_3', 'seed_demo_question_4_3_choice_b', NULL, 1),
('seed_demo_answer_seed_demo_submission_seed_demo_student_2_1_seed_demo_exam_4_seed_demo_question_4_4', 'seed_demo_submission_seed_demo_student_2_1_seed_demo_exam_4', 'seed_demo_question_4_4', 'seed_demo_question_4_4_choice_c', NULL, 1),
('seed_demo_answer_seed_demo_submission_seed_demo_student_2_1_seed_demo_exam_4_seed_demo_question_4_5', 'seed_demo_submission_seed_demo_student_2_1_seed_demo_exam_4', 'seed_demo_question_4_5', 'seed_demo_question_4_5_choice_d', NULL, 1),
('seed_demo_answer_seed_demo_submission_seed_demo_student_2_1_seed_demo_exam_4_seed_demo_question_4_6', 'seed_demo_submission_seed_demo_student_2_1_seed_demo_exam_4', 'seed_demo_question_4_6', 'seed_demo_question_4_6_choice_a', NULL, 1),
('seed_demo_answer_seed_demo_submission_seed_demo_student_2_1_seed_demo_exam_5_seed_demo_question_5_1', 'seed_demo_submission_seed_demo_student_2_1_seed_demo_exam_5', 'seed_demo_question_5_1', 'seed_demo_question_5_1_choice_a', NULL, 1),
('seed_demo_answer_seed_demo_submission_seed_demo_student_2_1_seed_demo_exam_5_seed_demo_question_5_2', 'seed_demo_submission_seed_demo_student_2_1_seed_demo_exam_5', 'seed_demo_question_5_2', 'seed_demo_question_5_2_choice_b', NULL, 1),
('seed_demo_answer_seed_demo_submission_seed_demo_student_2_1_seed_demo_exam_5_seed_demo_question_5_3', 'seed_demo_submission_seed_demo_student_2_1_seed_demo_exam_5', 'seed_demo_question_5_3', 'seed_demo_question_5_3_choice_c', NULL, 1),
('seed_demo_answer_seed_demo_submission_seed_demo_student_2_1_seed_demo_exam_5_seed_demo_question_5_4', 'seed_demo_submission_seed_demo_student_2_1_seed_demo_exam_5', 'seed_demo_question_5_4', 'seed_demo_question_5_4_choice_d', NULL, 1),
('seed_demo_answer_seed_demo_submission_seed_demo_student_2_1_seed_demo_exam_5_seed_demo_question_5_5', 'seed_demo_submission_seed_demo_student_2_1_seed_demo_exam_5', 'seed_demo_question_5_5', 'seed_demo_question_5_5_choice_a', NULL, 1),
('seed_demo_answer_seed_demo_submission_seed_demo_student_2_1_seed_demo_exam_5_seed_demo_question_5_6', 'seed_demo_submission_seed_demo_student_2_1_seed_demo_exam_5', 'seed_demo_question_5_6', 'seed_demo_question_5_6_choice_b', NULL, 1),
('seed_demo_answer_seed_demo_submission_seed_demo_student_2_2_seed_demo_exam_1_seed_demo_question_1_1', 'seed_demo_submission_seed_demo_student_2_2_seed_demo_exam_1', 'seed_demo_question_1_1', 'seed_demo_question_1_1_choice_c', NULL, 0),
('seed_demo_answer_seed_demo_submission_seed_demo_student_2_2_seed_demo_exam_1_seed_demo_question_1_2', 'seed_demo_submission_seed_demo_student_2_2_seed_demo_exam_1', 'seed_demo_question_1_2', 'seed_demo_question_1_2_choice_a', NULL, 0),
('seed_demo_answer_seed_demo_submission_seed_demo_student_2_2_seed_demo_exam_1_seed_demo_question_1_3', 'seed_demo_submission_seed_demo_student_2_2_seed_demo_exam_1', 'seed_demo_question_1_3', 'seed_demo_question_1_3_choice_c', NULL, 1),
('seed_demo_answer_seed_demo_submission_seed_demo_student_2_2_seed_demo_exam_1_seed_demo_question_1_4', 'seed_demo_submission_seed_demo_student_2_2_seed_demo_exam_1', 'seed_demo_question_1_4', 'seed_demo_question_1_4_choice_d', NULL, 1),
('seed_demo_answer_seed_demo_submission_seed_demo_student_2_2_seed_demo_exam_1_seed_demo_question_1_5', 'seed_demo_submission_seed_demo_student_2_2_seed_demo_exam_1', 'seed_demo_question_1_5', 'seed_demo_question_1_5_choice_a', NULL, 1),
('seed_demo_answer_seed_demo_submission_seed_demo_student_2_2_seed_demo_exam_1_seed_demo_question_1_6', 'seed_demo_submission_seed_demo_student_2_2_seed_demo_exam_1', 'seed_demo_question_1_6', 'seed_demo_question_1_6_choice_b', NULL, 1),
('seed_demo_answer_seed_demo_submission_seed_demo_student_2_2_seed_demo_exam_2_seed_demo_question_2_1', 'seed_demo_submission_seed_demo_student_2_2_seed_demo_exam_2', 'seed_demo_question_2_1', 'seed_demo_question_2_1_choice_b', NULL, 1),
('seed_demo_answer_seed_demo_submission_seed_demo_student_2_2_seed_demo_exam_2_seed_demo_question_2_2', 'seed_demo_submission_seed_demo_student_2_2_seed_demo_exam_2', 'seed_demo_question_2_2', 'seed_demo_question_2_2_choice_c', NULL, 1),
('seed_demo_answer_seed_demo_submission_seed_demo_student_2_2_seed_demo_exam_2_seed_demo_question_2_3', 'seed_demo_submission_seed_demo_student_2_2_seed_demo_exam_2', 'seed_demo_question_2_3', 'seed_demo_question_2_3_choice_d', NULL, 1),
('seed_demo_answer_seed_demo_submission_seed_demo_student_2_2_seed_demo_exam_2_seed_demo_question_2_4', 'seed_demo_submission_seed_demo_student_2_2_seed_demo_exam_2', 'seed_demo_question_2_4', 'seed_demo_question_2_4_choice_a', NULL, 1);

INSERT INTO student_exam_answers (id, submissionId, questionId, selectedChoiceId, answerText, isCorrect) VALUES
('seed_demo_answer_seed_demo_submission_seed_demo_student_2_2_seed_demo_exam_2_seed_demo_question_2_5', 'seed_demo_submission_seed_demo_student_2_2_seed_demo_exam_2', 'seed_demo_question_2_5', 'seed_demo_question_2_5_choice_b', NULL, 1),
('seed_demo_answer_seed_demo_submission_seed_demo_student_2_2_seed_demo_exam_2_seed_demo_question_2_6', 'seed_demo_submission_seed_demo_student_2_2_seed_demo_exam_2', 'seed_demo_question_2_6', 'seed_demo_question_2_6_choice_c', NULL, 1),
('seed_demo_answer_seed_demo_submission_seed_demo_student_2_2_seed_demo_exam_3_seed_demo_question_3_1', 'seed_demo_submission_seed_demo_student_2_2_seed_demo_exam_3', 'seed_demo_question_3_1', 'seed_demo_question_3_1_choice_c', NULL, 1),
('seed_demo_answer_seed_demo_submission_seed_demo_student_2_2_seed_demo_exam_3_seed_demo_question_3_2', 'seed_demo_submission_seed_demo_student_2_2_seed_demo_exam_3', 'seed_demo_question_3_2', 'seed_demo_question_3_2_choice_d', NULL, 1),
('seed_demo_answer_seed_demo_submission_seed_demo_student_2_2_seed_demo_exam_3_seed_demo_question_3_3', 'seed_demo_submission_seed_demo_student_2_2_seed_demo_exam_3', 'seed_demo_question_3_3', 'seed_demo_question_3_3_choice_a', NULL, 1),
('seed_demo_answer_seed_demo_submission_seed_demo_student_2_2_seed_demo_exam_3_seed_demo_question_3_4', 'seed_demo_submission_seed_demo_student_2_2_seed_demo_exam_3', 'seed_demo_question_3_4', 'seed_demo_question_3_4_choice_b', NULL, 1),
('seed_demo_answer_seed_demo_submission_seed_demo_student_2_2_seed_demo_exam_3_seed_demo_question_3_5', 'seed_demo_submission_seed_demo_student_2_2_seed_demo_exam_3', 'seed_demo_question_3_5', 'seed_demo_question_3_5_choice_c', NULL, 1),
('seed_demo_answer_seed_demo_submission_seed_demo_student_2_2_seed_demo_exam_3_seed_demo_question_3_6', 'seed_demo_submission_seed_demo_student_2_2_seed_demo_exam_3', 'seed_demo_question_3_6', 'seed_demo_question_3_6_choice_d', NULL, 1),
('seed_demo_answer_seed_demo_submission_seed_demo_student_2_2_seed_demo_exam_4_seed_demo_question_4_1', 'seed_demo_submission_seed_demo_student_2_2_seed_demo_exam_4', 'seed_demo_question_4_1', 'seed_demo_question_4_1_choice_d', NULL, 1),
('seed_demo_answer_seed_demo_submission_seed_demo_student_2_2_seed_demo_exam_4_seed_demo_question_4_2', 'seed_demo_submission_seed_demo_student_2_2_seed_demo_exam_4', 'seed_demo_question_4_2', 'seed_demo_question_4_2_choice_a', NULL, 1),
('seed_demo_answer_seed_demo_submission_seed_demo_student_2_2_seed_demo_exam_4_seed_demo_question_4_3', 'seed_demo_submission_seed_demo_student_2_2_seed_demo_exam_4', 'seed_demo_question_4_3', 'seed_demo_question_4_3_choice_b', NULL, 1),
('seed_demo_answer_seed_demo_submission_seed_demo_student_2_2_seed_demo_exam_4_seed_demo_question_4_4', 'seed_demo_submission_seed_demo_student_2_2_seed_demo_exam_4', 'seed_demo_question_4_4', 'seed_demo_question_4_4_choice_c', NULL, 1),
('seed_demo_answer_seed_demo_submission_seed_demo_student_2_2_seed_demo_exam_4_seed_demo_question_4_5', 'seed_demo_submission_seed_demo_student_2_2_seed_demo_exam_4', 'seed_demo_question_4_5', 'seed_demo_question_4_5_choice_d', NULL, 1),
('seed_demo_answer_seed_demo_submission_seed_demo_student_2_2_seed_demo_exam_4_seed_demo_question_4_6', 'seed_demo_submission_seed_demo_student_2_2_seed_demo_exam_4', 'seed_demo_question_4_6', 'seed_demo_question_4_6_choice_a', NULL, 1),
('seed_demo_answer_seed_demo_submission_seed_demo_student_2_2_seed_demo_exam_5_seed_demo_question_5_1', 'seed_demo_submission_seed_demo_student_2_2_seed_demo_exam_5', 'seed_demo_question_5_1', 'seed_demo_question_5_1_choice_a', NULL, 1),
('seed_demo_answer_seed_demo_submission_seed_demo_student_2_2_seed_demo_exam_5_seed_demo_question_5_2', 'seed_demo_submission_seed_demo_student_2_2_seed_demo_exam_5', 'seed_demo_question_5_2', 'seed_demo_question_5_2_choice_b', NULL, 1),
('seed_demo_answer_seed_demo_submission_seed_demo_student_2_2_seed_demo_exam_5_seed_demo_question_5_3', 'seed_demo_submission_seed_demo_student_2_2_seed_demo_exam_5', 'seed_demo_question_5_3', 'seed_demo_question_5_3_choice_c', NULL, 1),
('seed_demo_answer_seed_demo_submission_seed_demo_student_2_2_seed_demo_exam_5_seed_demo_question_5_4', 'seed_demo_submission_seed_demo_student_2_2_seed_demo_exam_5', 'seed_demo_question_5_4', 'seed_demo_question_5_4_choice_d', NULL, 1),
('seed_demo_answer_seed_demo_submission_seed_demo_student_2_2_seed_demo_exam_5_seed_demo_question_5_5', 'seed_demo_submission_seed_demo_student_2_2_seed_demo_exam_5', 'seed_demo_question_5_5', 'seed_demo_question_5_5_choice_a', NULL, 1),
('seed_demo_answer_seed_demo_submission_seed_demo_student_2_2_seed_demo_exam_5_seed_demo_question_5_6', 'seed_demo_submission_seed_demo_student_2_2_seed_demo_exam_5', 'seed_demo_question_5_6', 'seed_demo_question_5_6_choice_b', NULL, 1),
('seed_demo_answer_seed_demo_submission_seed_demo_student_2_3_seed_demo_exam_1_seed_demo_question_1_1', 'seed_demo_submission_seed_demo_student_2_3_seed_demo_exam_1', 'seed_demo_question_1_1', 'seed_demo_question_1_1_choice_a', NULL, 1),
('seed_demo_answer_seed_demo_submission_seed_demo_student_2_3_seed_demo_exam_1_seed_demo_question_1_2', 'seed_demo_submission_seed_demo_student_2_3_seed_demo_exam_1', 'seed_demo_question_1_2', 'seed_demo_question_1_2_choice_b', NULL, 1),
('seed_demo_answer_seed_demo_submission_seed_demo_student_2_3_seed_demo_exam_1_seed_demo_question_1_3', 'seed_demo_submission_seed_demo_student_2_3_seed_demo_exam_1', 'seed_demo_question_1_3', 'seed_demo_question_1_3_choice_c', NULL, 1),
('seed_demo_answer_seed_demo_submission_seed_demo_student_2_3_seed_demo_exam_1_seed_demo_question_1_4', 'seed_demo_submission_seed_demo_student_2_3_seed_demo_exam_1', 'seed_demo_question_1_4', 'seed_demo_question_1_4_choice_d', NULL, 1),
('seed_demo_answer_seed_demo_submission_seed_demo_student_2_3_seed_demo_exam_1_seed_demo_question_1_5', 'seed_demo_submission_seed_demo_student_2_3_seed_demo_exam_1', 'seed_demo_question_1_5', 'seed_demo_question_1_5_choice_a', NULL, 1),
('seed_demo_answer_seed_demo_submission_seed_demo_student_2_3_seed_demo_exam_1_seed_demo_question_1_6', 'seed_demo_submission_seed_demo_student_2_3_seed_demo_exam_1', 'seed_demo_question_1_6', 'seed_demo_question_1_6_choice_b', NULL, 1),
('seed_demo_answer_seed_demo_submission_seed_demo_student_2_3_seed_demo_exam_2_seed_demo_question_2_1', 'seed_demo_submission_seed_demo_student_2_3_seed_demo_exam_2', 'seed_demo_question_2_1', 'seed_demo_question_2_1_choice_b', NULL, 1),
('seed_demo_answer_seed_demo_submission_seed_demo_student_2_3_seed_demo_exam_2_seed_demo_question_2_2', 'seed_demo_submission_seed_demo_student_2_3_seed_demo_exam_2', 'seed_demo_question_2_2', 'seed_demo_question_2_2_choice_c', NULL, 1),
('seed_demo_answer_seed_demo_submission_seed_demo_student_2_3_seed_demo_exam_2_seed_demo_question_2_3', 'seed_demo_submission_seed_demo_student_2_3_seed_demo_exam_2', 'seed_demo_question_2_3', 'seed_demo_question_2_3_choice_d', NULL, 1),
('seed_demo_answer_seed_demo_submission_seed_demo_student_2_3_seed_demo_exam_2_seed_demo_question_2_4', 'seed_demo_submission_seed_demo_student_2_3_seed_demo_exam_2', 'seed_demo_question_2_4', 'seed_demo_question_2_4_choice_a', NULL, 1),
('seed_demo_answer_seed_demo_submission_seed_demo_student_2_3_seed_demo_exam_2_seed_demo_question_2_5', 'seed_demo_submission_seed_demo_student_2_3_seed_demo_exam_2', 'seed_demo_question_2_5', 'seed_demo_question_2_5_choice_b', NULL, 1),
('seed_demo_answer_seed_demo_submission_seed_demo_student_2_3_seed_demo_exam_2_seed_demo_question_2_6', 'seed_demo_submission_seed_demo_student_2_3_seed_demo_exam_2', 'seed_demo_question_2_6', 'seed_demo_question_2_6_choice_c', NULL, 1),
('seed_demo_answer_seed_demo_submission_seed_demo_student_2_3_seed_demo_exam_3_seed_demo_question_3_1', 'seed_demo_submission_seed_demo_student_2_3_seed_demo_exam_3', 'seed_demo_question_3_1', 'seed_demo_question_3_1_choice_c', NULL, 1),
('seed_demo_answer_seed_demo_submission_seed_demo_student_2_3_seed_demo_exam_3_seed_demo_question_3_2', 'seed_demo_submission_seed_demo_student_2_3_seed_demo_exam_3', 'seed_demo_question_3_2', 'seed_demo_question_3_2_choice_d', NULL, 1),
('seed_demo_answer_seed_demo_submission_seed_demo_student_2_3_seed_demo_exam_3_seed_demo_question_3_3', 'seed_demo_submission_seed_demo_student_2_3_seed_demo_exam_3', 'seed_demo_question_3_3', 'seed_demo_question_3_3_choice_a', NULL, 1),
('seed_demo_answer_seed_demo_submission_seed_demo_student_2_3_seed_demo_exam_3_seed_demo_question_3_4', 'seed_demo_submission_seed_demo_student_2_3_seed_demo_exam_3', 'seed_demo_question_3_4', 'seed_demo_question_3_4_choice_b', NULL, 1),
('seed_demo_answer_seed_demo_submission_seed_demo_student_2_3_seed_demo_exam_3_seed_demo_question_3_5', 'seed_demo_submission_seed_demo_student_2_3_seed_demo_exam_3', 'seed_demo_question_3_5', 'seed_demo_question_3_5_choice_c', NULL, 1),
('seed_demo_answer_seed_demo_submission_seed_demo_student_2_3_seed_demo_exam_3_seed_demo_question_3_6', 'seed_demo_submission_seed_demo_student_2_3_seed_demo_exam_3', 'seed_demo_question_3_6', 'seed_demo_question_3_6_choice_d', NULL, 1),
('seed_demo_answer_seed_demo_submission_seed_demo_student_2_3_seed_demo_exam_4_seed_demo_question_4_1', 'seed_demo_submission_seed_demo_student_2_3_seed_demo_exam_4', 'seed_demo_question_4_1', 'seed_demo_question_4_1_choice_d', NULL, 1),
('seed_demo_answer_seed_demo_submission_seed_demo_student_2_3_seed_demo_exam_4_seed_demo_question_4_2', 'seed_demo_submission_seed_demo_student_2_3_seed_demo_exam_4', 'seed_demo_question_4_2', 'seed_demo_question_4_2_choice_a', NULL, 1),
('seed_demo_answer_seed_demo_submission_seed_demo_student_2_3_seed_demo_exam_4_seed_demo_question_4_3', 'seed_demo_submission_seed_demo_student_2_3_seed_demo_exam_4', 'seed_demo_question_4_3', 'seed_demo_question_4_3_choice_b', NULL, 1),
('seed_demo_answer_seed_demo_submission_seed_demo_student_2_3_seed_demo_exam_4_seed_demo_question_4_4', 'seed_demo_submission_seed_demo_student_2_3_seed_demo_exam_4', 'seed_demo_question_4_4', 'seed_demo_question_4_4_choice_c', NULL, 1),
('seed_demo_answer_seed_demo_submission_seed_demo_student_2_3_seed_demo_exam_4_seed_demo_question_4_5', 'seed_demo_submission_seed_demo_student_2_3_seed_demo_exam_4', 'seed_demo_question_4_5', 'seed_demo_question_4_5_choice_d', NULL, 1),
('seed_demo_answer_seed_demo_submission_seed_demo_student_2_3_seed_demo_exam_4_seed_demo_question_4_6', 'seed_demo_submission_seed_demo_student_2_3_seed_demo_exam_4', 'seed_demo_question_4_6', 'seed_demo_question_4_6_choice_a', NULL, 1),
('seed_demo_answer_seed_demo_submission_seed_demo_student_2_3_seed_demo_exam_5_seed_demo_question_5_1', 'seed_demo_submission_seed_demo_student_2_3_seed_demo_exam_5', 'seed_demo_question_5_1', 'seed_demo_question_5_1_choice_b', NULL, 0),
('seed_demo_answer_seed_demo_submission_seed_demo_student_2_3_seed_demo_exam_5_seed_demo_question_5_2', 'seed_demo_submission_seed_demo_student_2_3_seed_demo_exam_5', 'seed_demo_question_5_2', 'seed_demo_question_5_2_choice_d', NULL, 0),
('seed_demo_answer_seed_demo_submission_seed_demo_student_2_3_seed_demo_exam_5_seed_demo_question_5_3', 'seed_demo_submission_seed_demo_student_2_3_seed_demo_exam_5', 'seed_demo_question_5_3', 'seed_demo_question_5_3_choice_b', NULL, 0),
('seed_demo_answer_seed_demo_submission_seed_demo_student_2_3_seed_demo_exam_5_seed_demo_question_5_4', 'seed_demo_submission_seed_demo_student_2_3_seed_demo_exam_5', 'seed_demo_question_5_4', 'seed_demo_question_5_4_choice_a', NULL, 0),
('seed_demo_answer_seed_demo_submission_seed_demo_student_2_3_seed_demo_exam_5_seed_demo_question_5_5', 'seed_demo_submission_seed_demo_student_2_3_seed_demo_exam_5', 'seed_demo_question_5_5', 'seed_demo_question_5_5_choice_c', NULL, 0),
('seed_demo_answer_seed_demo_submission_seed_demo_student_2_3_seed_demo_exam_5_seed_demo_question_5_6', 'seed_demo_submission_seed_demo_student_2_3_seed_demo_exam_5', 'seed_demo_question_5_6', 'seed_demo_question_5_6_choice_a', NULL, 0),
('seed_demo_answer_seed_demo_submission_seed_demo_student_2_4_seed_demo_exam_1_seed_demo_question_1_1', 'seed_demo_submission_seed_demo_student_2_4_seed_demo_exam_1', 'seed_demo_question_1_1', 'seed_demo_question_1_1_choice_a', NULL, 1),
('seed_demo_answer_seed_demo_submission_seed_demo_student_2_4_seed_demo_exam_1_seed_demo_question_1_2', 'seed_demo_submission_seed_demo_student_2_4_seed_demo_exam_1', 'seed_demo_question_1_2', 'seed_demo_question_1_2_choice_b', NULL, 1),
('seed_demo_answer_seed_demo_submission_seed_demo_student_2_4_seed_demo_exam_1_seed_demo_question_1_3', 'seed_demo_submission_seed_demo_student_2_4_seed_demo_exam_1', 'seed_demo_question_1_3', 'seed_demo_question_1_3_choice_c', NULL, 1),
('seed_demo_answer_seed_demo_submission_seed_demo_student_2_4_seed_demo_exam_1_seed_demo_question_1_4', 'seed_demo_submission_seed_demo_student_2_4_seed_demo_exam_1', 'seed_demo_question_1_4', 'seed_demo_question_1_4_choice_d', NULL, 1),
('seed_demo_answer_seed_demo_submission_seed_demo_student_2_4_seed_demo_exam_1_seed_demo_question_1_5', 'seed_demo_submission_seed_demo_student_2_4_seed_demo_exam_1', 'seed_demo_question_1_5', 'seed_demo_question_1_5_choice_a', NULL, 1),
('seed_demo_answer_seed_demo_submission_seed_demo_student_2_4_seed_demo_exam_1_seed_demo_question_1_6', 'seed_demo_submission_seed_demo_student_2_4_seed_demo_exam_1', 'seed_demo_question_1_6', 'seed_demo_question_1_6_choice_b', NULL, 1),
('seed_demo_answer_seed_demo_submission_seed_demo_student_2_4_seed_demo_exam_2_seed_demo_question_2_1', 'seed_demo_submission_seed_demo_student_2_4_seed_demo_exam_2', 'seed_demo_question_2_1', 'seed_demo_question_2_1_choice_b', NULL, 1),
('seed_demo_answer_seed_demo_submission_seed_demo_student_2_4_seed_demo_exam_2_seed_demo_question_2_2', 'seed_demo_submission_seed_demo_student_2_4_seed_demo_exam_2', 'seed_demo_question_2_2', 'seed_demo_question_2_2_choice_c', NULL, 1),
('seed_demo_answer_seed_demo_submission_seed_demo_student_2_4_seed_demo_exam_2_seed_demo_question_2_3', 'seed_demo_submission_seed_demo_student_2_4_seed_demo_exam_2', 'seed_demo_question_2_3', 'seed_demo_question_2_3_choice_d', NULL, 1),
('seed_demo_answer_seed_demo_submission_seed_demo_student_2_4_seed_demo_exam_2_seed_demo_question_2_4', 'seed_demo_submission_seed_demo_student_2_4_seed_demo_exam_2', 'seed_demo_question_2_4', 'seed_demo_question_2_4_choice_a', NULL, 1),
('seed_demo_answer_seed_demo_submission_seed_demo_student_2_4_seed_demo_exam_2_seed_demo_question_2_5', 'seed_demo_submission_seed_demo_student_2_4_seed_demo_exam_2', 'seed_demo_question_2_5', 'seed_demo_question_2_5_choice_b', NULL, 1),
('seed_demo_answer_seed_demo_submission_seed_demo_student_2_4_seed_demo_exam_2_seed_demo_question_2_6', 'seed_demo_submission_seed_demo_student_2_4_seed_demo_exam_2', 'seed_demo_question_2_6', 'seed_demo_question_2_6_choice_c', NULL, 1),
('seed_demo_answer_seed_demo_submission_seed_demo_student_2_4_seed_demo_exam_3_seed_demo_question_3_1', 'seed_demo_submission_seed_demo_student_2_4_seed_demo_exam_3', 'seed_demo_question_3_1', 'seed_demo_question_3_1_choice_c', NULL, 1),
('seed_demo_answer_seed_demo_submission_seed_demo_student_2_4_seed_demo_exam_3_seed_demo_question_3_2', 'seed_demo_submission_seed_demo_student_2_4_seed_demo_exam_3', 'seed_demo_question_3_2', 'seed_demo_question_3_2_choice_d', NULL, 1),
('seed_demo_answer_seed_demo_submission_seed_demo_student_2_4_seed_demo_exam_3_seed_demo_question_3_3', 'seed_demo_submission_seed_demo_student_2_4_seed_demo_exam_3', 'seed_demo_question_3_3', 'seed_demo_question_3_3_choice_a', NULL, 1),
('seed_demo_answer_seed_demo_submission_seed_demo_student_2_4_seed_demo_exam_3_seed_demo_question_3_4', 'seed_demo_submission_seed_demo_student_2_4_seed_demo_exam_3', 'seed_demo_question_3_4', 'seed_demo_question_3_4_choice_b', NULL, 1),
('seed_demo_answer_seed_demo_submission_seed_demo_student_2_4_seed_demo_exam_3_seed_demo_question_3_5', 'seed_demo_submission_seed_demo_student_2_4_seed_demo_exam_3', 'seed_demo_question_3_5', 'seed_demo_question_3_5_choice_c', NULL, 1),
('seed_demo_answer_seed_demo_submission_seed_demo_student_2_4_seed_demo_exam_3_seed_demo_question_3_6', 'seed_demo_submission_seed_demo_student_2_4_seed_demo_exam_3', 'seed_demo_question_3_6', 'seed_demo_question_3_6_choice_d', NULL, 1),
('seed_demo_answer_seed_demo_submission_seed_demo_student_2_4_seed_demo_exam_4_seed_demo_question_4_1', 'seed_demo_submission_seed_demo_student_2_4_seed_demo_exam_4', 'seed_demo_question_4_1', 'seed_demo_question_4_1_choice_a', NULL, 0),
('seed_demo_answer_seed_demo_submission_seed_demo_student_2_4_seed_demo_exam_4_seed_demo_question_4_2', 'seed_demo_submission_seed_demo_student_2_4_seed_demo_exam_4', 'seed_demo_question_4_2', 'seed_demo_question_4_2_choice_c', NULL, 0),
('seed_demo_answer_seed_demo_submission_seed_demo_student_2_4_seed_demo_exam_4_seed_demo_question_4_3', 'seed_demo_submission_seed_demo_student_2_4_seed_demo_exam_4', 'seed_demo_question_4_3', 'seed_demo_question_4_3_choice_a', NULL, 0),
('seed_demo_answer_seed_demo_submission_seed_demo_student_2_4_seed_demo_exam_4_seed_demo_question_4_4', 'seed_demo_submission_seed_demo_student_2_4_seed_demo_exam_4', 'seed_demo_question_4_4', 'seed_demo_question_4_4_choice_d', NULL, 0),
('seed_demo_answer_seed_demo_submission_seed_demo_student_2_4_seed_demo_exam_4_seed_demo_question_4_5', 'seed_demo_submission_seed_demo_student_2_4_seed_demo_exam_4', 'seed_demo_question_4_5', 'seed_demo_question_4_5_choice_b', NULL, 0),
('seed_demo_answer_seed_demo_submission_seed_demo_student_2_4_seed_demo_exam_4_seed_demo_question_4_6', 'seed_demo_submission_seed_demo_student_2_4_seed_demo_exam_4', 'seed_demo_question_4_6', 'seed_demo_question_4_6_choice_a', NULL, 1),
('seed_demo_answer_seed_demo_submission_seed_demo_student_2_4_seed_demo_exam_5_seed_demo_question_5_1', 'seed_demo_submission_seed_demo_student_2_4_seed_demo_exam_5', 'seed_demo_question_5_1', 'seed_demo_question_5_1_choice_c', NULL, 0),
('seed_demo_answer_seed_demo_submission_seed_demo_student_2_4_seed_demo_exam_5_seed_demo_question_5_2', 'seed_demo_submission_seed_demo_student_2_4_seed_demo_exam_5', 'seed_demo_question_5_2', 'seed_demo_question_5_2_choice_a', NULL, 0),
('seed_demo_answer_seed_demo_submission_seed_demo_student_2_4_seed_demo_exam_5_seed_demo_question_5_3', 'seed_demo_submission_seed_demo_student_2_4_seed_demo_exam_5', 'seed_demo_question_5_3', 'seed_demo_question_5_3_choice_d', NULL, 0),
('seed_demo_answer_seed_demo_submission_seed_demo_student_2_4_seed_demo_exam_5_seed_demo_question_5_4', 'seed_demo_submission_seed_demo_student_2_4_seed_demo_exam_5', 'seed_demo_question_5_4', 'seed_demo_question_5_4_choice_b', NULL, 0),
('seed_demo_answer_seed_demo_submission_seed_demo_student_2_4_seed_demo_exam_5_seed_demo_question_5_5', 'seed_demo_submission_seed_demo_student_2_4_seed_demo_exam_5', 'seed_demo_question_5_5', 'seed_demo_question_5_5_choice_a', NULL, 1),
('seed_demo_answer_seed_demo_submission_seed_demo_student_2_4_seed_demo_exam_5_seed_demo_question_5_6', 'seed_demo_submission_seed_demo_student_2_4_seed_demo_exam_5', 'seed_demo_question_5_6', 'seed_demo_question_5_6_choice_b', NULL, 1);

INSERT INTO student_exam_answers (id, submissionId, questionId, selectedChoiceId, answerText, isCorrect) VALUES
('seed_demo_answer_seed_demo_submission_seed_demo_student_2_5_seed_demo_exam_1_seed_demo_question_1_1', 'seed_demo_submission_seed_demo_student_2_5_seed_demo_exam_1', 'seed_demo_question_1_1', 'seed_demo_question_1_1_choice_a', NULL, 1),
('seed_demo_answer_seed_demo_submission_seed_demo_student_2_5_seed_demo_exam_1_seed_demo_question_1_2', 'seed_demo_submission_seed_demo_student_2_5_seed_demo_exam_1', 'seed_demo_question_1_2', 'seed_demo_question_1_2_choice_b', NULL, 1),
('seed_demo_answer_seed_demo_submission_seed_demo_student_2_5_seed_demo_exam_1_seed_demo_question_1_3', 'seed_demo_submission_seed_demo_student_2_5_seed_demo_exam_1', 'seed_demo_question_1_3', 'seed_demo_question_1_3_choice_c', NULL, 1),
('seed_demo_answer_seed_demo_submission_seed_demo_student_2_5_seed_demo_exam_1_seed_demo_question_1_4', 'seed_demo_submission_seed_demo_student_2_5_seed_demo_exam_1', 'seed_demo_question_1_4', 'seed_demo_question_1_4_choice_d', NULL, 1),
('seed_demo_answer_seed_demo_submission_seed_demo_student_2_5_seed_demo_exam_1_seed_demo_question_1_5', 'seed_demo_submission_seed_demo_student_2_5_seed_demo_exam_1', 'seed_demo_question_1_5', 'seed_demo_question_1_5_choice_a', NULL, 1),
('seed_demo_answer_seed_demo_submission_seed_demo_student_2_5_seed_demo_exam_1_seed_demo_question_1_6', 'seed_demo_submission_seed_demo_student_2_5_seed_demo_exam_1', 'seed_demo_question_1_6', 'seed_demo_question_1_6_choice_c', NULL, 0),
('seed_demo_answer_seed_demo_submission_seed_demo_student_2_5_seed_demo_exam_2_seed_demo_question_2_1', 'seed_demo_submission_seed_demo_student_2_5_seed_demo_exam_2', 'seed_demo_question_2_1', 'seed_demo_question_2_1_choice_b', NULL, 1),
('seed_demo_answer_seed_demo_submission_seed_demo_student_2_5_seed_demo_exam_2_seed_demo_question_2_2', 'seed_demo_submission_seed_demo_student_2_5_seed_demo_exam_2', 'seed_demo_question_2_2', 'seed_demo_question_2_2_choice_c', NULL, 1),
('seed_demo_answer_seed_demo_submission_seed_demo_student_2_5_seed_demo_exam_2_seed_demo_question_2_3', 'seed_demo_submission_seed_demo_student_2_5_seed_demo_exam_2', 'seed_demo_question_2_3', 'seed_demo_question_2_3_choice_d', NULL, 1),
('seed_demo_answer_seed_demo_submission_seed_demo_student_2_5_seed_demo_exam_2_seed_demo_question_2_4', 'seed_demo_submission_seed_demo_student_2_5_seed_demo_exam_2', 'seed_demo_question_2_4', 'seed_demo_question_2_4_choice_a', NULL, 1),
('seed_demo_answer_seed_demo_submission_seed_demo_student_2_5_seed_demo_exam_2_seed_demo_question_2_5', 'seed_demo_submission_seed_demo_student_2_5_seed_demo_exam_2', 'seed_demo_question_2_5', 'seed_demo_question_2_5_choice_b', NULL, 1),
('seed_demo_answer_seed_demo_submission_seed_demo_student_2_5_seed_demo_exam_2_seed_demo_question_2_6', 'seed_demo_submission_seed_demo_student_2_5_seed_demo_exam_2', 'seed_demo_question_2_6', 'seed_demo_question_2_6_choice_a', NULL, 0),
('seed_demo_answer_seed_demo_submission_seed_demo_student_2_5_seed_demo_exam_3_seed_demo_question_3_1', 'seed_demo_submission_seed_demo_student_2_5_seed_demo_exam_3', 'seed_demo_question_3_1', 'seed_demo_question_3_1_choice_d', NULL, 0),
('seed_demo_answer_seed_demo_submission_seed_demo_student_2_5_seed_demo_exam_3_seed_demo_question_3_2', 'seed_demo_submission_seed_demo_student_2_5_seed_demo_exam_3', 'seed_demo_question_3_2', 'seed_demo_question_3_2_choice_b', NULL, 0),
('seed_demo_answer_seed_demo_submission_seed_demo_student_2_5_seed_demo_exam_3_seed_demo_question_3_3', 'seed_demo_submission_seed_demo_student_2_5_seed_demo_exam_3', 'seed_demo_question_3_3', 'seed_demo_question_3_3_choice_d', NULL, 0),
('seed_demo_answer_seed_demo_submission_seed_demo_student_2_5_seed_demo_exam_3_seed_demo_question_3_4', 'seed_demo_submission_seed_demo_student_2_5_seed_demo_exam_3', 'seed_demo_question_3_4', 'seed_demo_question_3_4_choice_c', NULL, 0),
('seed_demo_answer_seed_demo_submission_seed_demo_student_2_5_seed_demo_exam_3_seed_demo_question_3_5', 'seed_demo_submission_seed_demo_student_2_5_seed_demo_exam_3', 'seed_demo_question_3_5', 'seed_demo_question_3_5_choice_a', NULL, 0),
('seed_demo_answer_seed_demo_submission_seed_demo_student_2_5_seed_demo_exam_3_seed_demo_question_3_6', 'seed_demo_submission_seed_demo_student_2_5_seed_demo_exam_3', 'seed_demo_question_3_6', 'seed_demo_question_3_6_choice_d', NULL, 1),
('seed_demo_answer_seed_demo_submission_seed_demo_student_2_5_seed_demo_exam_4_seed_demo_question_4_1', 'seed_demo_submission_seed_demo_student_2_5_seed_demo_exam_4', 'seed_demo_question_4_1', 'seed_demo_question_4_1_choice_b', NULL, 0),
('seed_demo_answer_seed_demo_submission_seed_demo_student_2_5_seed_demo_exam_4_seed_demo_question_4_2', 'seed_demo_submission_seed_demo_student_2_5_seed_demo_exam_4', 'seed_demo_question_4_2', 'seed_demo_question_4_2_choice_d', NULL, 0),
('seed_demo_answer_seed_demo_submission_seed_demo_student_2_5_seed_demo_exam_4_seed_demo_question_4_3', 'seed_demo_submission_seed_demo_student_2_5_seed_demo_exam_4', 'seed_demo_question_4_3', 'seed_demo_question_4_3_choice_c', NULL, 0),
('seed_demo_answer_seed_demo_submission_seed_demo_student_2_5_seed_demo_exam_4_seed_demo_question_4_4', 'seed_demo_submission_seed_demo_student_2_5_seed_demo_exam_4', 'seed_demo_question_4_4', 'seed_demo_question_4_4_choice_c', NULL, 1),
('seed_demo_answer_seed_demo_submission_seed_demo_student_2_5_seed_demo_exam_4_seed_demo_question_4_5', 'seed_demo_submission_seed_demo_student_2_5_seed_demo_exam_4', 'seed_demo_question_4_5', 'seed_demo_question_4_5_choice_d', NULL, 1),
('seed_demo_answer_seed_demo_submission_seed_demo_student_2_5_seed_demo_exam_4_seed_demo_question_4_6', 'seed_demo_submission_seed_demo_student_2_5_seed_demo_exam_4', 'seed_demo_question_4_6', 'seed_demo_question_4_6_choice_a', NULL, 1),
('seed_demo_answer_seed_demo_submission_seed_demo_student_2_5_seed_demo_exam_5_seed_demo_question_5_1', 'seed_demo_submission_seed_demo_student_2_5_seed_demo_exam_5', 'seed_demo_question_5_1', 'seed_demo_question_5_1_choice_d', NULL, 0),
('seed_demo_answer_seed_demo_submission_seed_demo_student_2_5_seed_demo_exam_5_seed_demo_question_5_2', 'seed_demo_submission_seed_demo_student_2_5_seed_demo_exam_5', 'seed_demo_question_5_2', 'seed_demo_question_5_2_choice_b', NULL, 1),
('seed_demo_answer_seed_demo_submission_seed_demo_student_2_5_seed_demo_exam_5_seed_demo_question_5_3', 'seed_demo_submission_seed_demo_student_2_5_seed_demo_exam_5', 'seed_demo_question_5_3', 'seed_demo_question_5_3_choice_c', NULL, 1),
('seed_demo_answer_seed_demo_submission_seed_demo_student_2_5_seed_demo_exam_5_seed_demo_question_5_4', 'seed_demo_submission_seed_demo_student_2_5_seed_demo_exam_5', 'seed_demo_question_5_4', 'seed_demo_question_5_4_choice_d', NULL, 1),
('seed_demo_answer_seed_demo_submission_seed_demo_student_2_5_seed_demo_exam_5_seed_demo_question_5_5', 'seed_demo_submission_seed_demo_student_2_5_seed_demo_exam_5', 'seed_demo_question_5_5', 'seed_demo_question_5_5_choice_a', NULL, 1),
('seed_demo_answer_seed_demo_submission_seed_demo_student_2_5_seed_demo_exam_5_seed_demo_question_5_6', 'seed_demo_submission_seed_demo_student_2_5_seed_demo_exam_5', 'seed_demo_question_5_6', 'seed_demo_question_5_6_choice_b', NULL, 1),
('seed_demo_answer_seed_demo_submission_seed_demo_student_2_6_seed_demo_exam_1_seed_demo_question_1_1', 'seed_demo_submission_seed_demo_student_2_6_seed_demo_exam_1', 'seed_demo_question_1_1', 'seed_demo_question_1_1_choice_a', NULL, 1),
('seed_demo_answer_seed_demo_submission_seed_demo_student_2_6_seed_demo_exam_1_seed_demo_question_1_2', 'seed_demo_submission_seed_demo_student_2_6_seed_demo_exam_1', 'seed_demo_question_1_2', 'seed_demo_question_1_2_choice_b', NULL, 1),
('seed_demo_answer_seed_demo_submission_seed_demo_student_2_6_seed_demo_exam_1_seed_demo_question_1_3', 'seed_demo_submission_seed_demo_student_2_6_seed_demo_exam_1', 'seed_demo_question_1_3', 'seed_demo_question_1_3_choice_c', NULL, 1),
('seed_demo_answer_seed_demo_submission_seed_demo_student_2_6_seed_demo_exam_1_seed_demo_question_1_4', 'seed_demo_submission_seed_demo_student_2_6_seed_demo_exam_1', 'seed_demo_question_1_4', 'seed_demo_question_1_4_choice_d', NULL, 1),
('seed_demo_answer_seed_demo_submission_seed_demo_student_2_6_seed_demo_exam_1_seed_demo_question_1_5', 'seed_demo_submission_seed_demo_student_2_6_seed_demo_exam_1', 'seed_demo_question_1_5', 'seed_demo_question_1_5_choice_a', NULL, 1),
('seed_demo_answer_seed_demo_submission_seed_demo_student_2_6_seed_demo_exam_1_seed_demo_question_1_6', 'seed_demo_submission_seed_demo_student_2_6_seed_demo_exam_1', 'seed_demo_question_1_6', 'seed_demo_question_1_6_choice_d', NULL, 0),
('seed_demo_answer_seed_demo_submission_seed_demo_student_2_6_seed_demo_exam_2_seed_demo_question_2_1', 'seed_demo_submission_seed_demo_student_2_6_seed_demo_exam_2', 'seed_demo_question_2_1', 'seed_demo_question_2_1_choice_c', NULL, 0),
('seed_demo_answer_seed_demo_submission_seed_demo_student_2_6_seed_demo_exam_2_seed_demo_question_2_2', 'seed_demo_submission_seed_demo_student_2_6_seed_demo_exam_2', 'seed_demo_question_2_2', 'seed_demo_question_2_2_choice_a', NULL, 0),
('seed_demo_answer_seed_demo_submission_seed_demo_student_2_6_seed_demo_exam_2_seed_demo_question_2_3', 'seed_demo_submission_seed_demo_student_2_6_seed_demo_exam_2', 'seed_demo_question_2_3', 'seed_demo_question_2_3_choice_c', NULL, 0),
('seed_demo_answer_seed_demo_submission_seed_demo_student_2_6_seed_demo_exam_2_seed_demo_question_2_4', 'seed_demo_submission_seed_demo_student_2_6_seed_demo_exam_2', 'seed_demo_question_2_4', 'seed_demo_question_2_4_choice_b', NULL, 0),
('seed_demo_answer_seed_demo_submission_seed_demo_student_2_6_seed_demo_exam_2_seed_demo_question_2_5', 'seed_demo_submission_seed_demo_student_2_6_seed_demo_exam_2', 'seed_demo_question_2_5', 'seed_demo_question_2_5_choice_b', NULL, 1),
('seed_demo_answer_seed_demo_submission_seed_demo_student_2_6_seed_demo_exam_2_seed_demo_question_2_6', 'seed_demo_submission_seed_demo_student_2_6_seed_demo_exam_2', 'seed_demo_question_2_6', 'seed_demo_question_2_6_choice_c', NULL, 1),
('seed_demo_answer_seed_demo_submission_seed_demo_student_2_6_seed_demo_exam_3_seed_demo_question_3_1', 'seed_demo_submission_seed_demo_student_2_6_seed_demo_exam_3', 'seed_demo_question_3_1', 'seed_demo_question_3_1_choice_a', NULL, 0),
('seed_demo_answer_seed_demo_submission_seed_demo_student_2_6_seed_demo_exam_3_seed_demo_question_3_2', 'seed_demo_submission_seed_demo_student_2_6_seed_demo_exam_3', 'seed_demo_question_3_2', 'seed_demo_question_3_2_choice_c', NULL, 0),
('seed_demo_answer_seed_demo_submission_seed_demo_student_2_6_seed_demo_exam_3_seed_demo_question_3_3', 'seed_demo_submission_seed_demo_student_2_6_seed_demo_exam_3', 'seed_demo_question_3_3', 'seed_demo_question_3_3_choice_a', NULL, 1),
('seed_demo_answer_seed_demo_submission_seed_demo_student_2_6_seed_demo_exam_3_seed_demo_question_3_4', 'seed_demo_submission_seed_demo_student_2_6_seed_demo_exam_3', 'seed_demo_question_3_4', 'seed_demo_question_3_4_choice_b', NULL, 1),
('seed_demo_answer_seed_demo_submission_seed_demo_student_2_6_seed_demo_exam_3_seed_demo_question_3_5', 'seed_demo_submission_seed_demo_student_2_6_seed_demo_exam_3', 'seed_demo_question_3_5', 'seed_demo_question_3_5_choice_c', NULL, 1),
('seed_demo_answer_seed_demo_submission_seed_demo_student_2_6_seed_demo_exam_3_seed_demo_question_3_6', 'seed_demo_submission_seed_demo_student_2_6_seed_demo_exam_3', 'seed_demo_question_3_6', 'seed_demo_question_3_6_choice_d', NULL, 1),
('seed_demo_answer_seed_demo_submission_seed_demo_student_2_6_seed_demo_exam_4_seed_demo_question_4_1', 'seed_demo_submission_seed_demo_student_2_6_seed_demo_exam_4', 'seed_demo_question_4_1', 'seed_demo_question_4_1_choice_c', NULL, 0),
('seed_demo_answer_seed_demo_submission_seed_demo_student_2_6_seed_demo_exam_4_seed_demo_question_4_2', 'seed_demo_submission_seed_demo_student_2_6_seed_demo_exam_4', 'seed_demo_question_4_2', 'seed_demo_question_4_2_choice_a', NULL, 1),
('seed_demo_answer_seed_demo_submission_seed_demo_student_2_6_seed_demo_exam_4_seed_demo_question_4_3', 'seed_demo_submission_seed_demo_student_2_6_seed_demo_exam_4', 'seed_demo_question_4_3', 'seed_demo_question_4_3_choice_b', NULL, 1),
('seed_demo_answer_seed_demo_submission_seed_demo_student_2_6_seed_demo_exam_4_seed_demo_question_4_4', 'seed_demo_submission_seed_demo_student_2_6_seed_demo_exam_4', 'seed_demo_question_4_4', 'seed_demo_question_4_4_choice_c', NULL, 1),
('seed_demo_answer_seed_demo_submission_seed_demo_student_2_6_seed_demo_exam_4_seed_demo_question_4_5', 'seed_demo_submission_seed_demo_student_2_6_seed_demo_exam_4', 'seed_demo_question_4_5', 'seed_demo_question_4_5_choice_d', NULL, 1),
('seed_demo_answer_seed_demo_submission_seed_demo_student_2_6_seed_demo_exam_4_seed_demo_question_4_6', 'seed_demo_submission_seed_demo_student_2_6_seed_demo_exam_4', 'seed_demo_question_4_6', 'seed_demo_question_4_6_choice_a', NULL, 1),
('seed_demo_answer_seed_demo_submission_seed_demo_student_2_6_seed_demo_exam_5_seed_demo_question_5_1', 'seed_demo_submission_seed_demo_student_2_6_seed_demo_exam_5', 'seed_demo_question_5_1', 'seed_demo_question_5_1_choice_a', NULL, 1),
('seed_demo_answer_seed_demo_submission_seed_demo_student_2_6_seed_demo_exam_5_seed_demo_question_5_2', 'seed_demo_submission_seed_demo_student_2_6_seed_demo_exam_5', 'seed_demo_question_5_2', 'seed_demo_question_5_2_choice_b', NULL, 1),
('seed_demo_answer_seed_demo_submission_seed_demo_student_2_6_seed_demo_exam_5_seed_demo_question_5_3', 'seed_demo_submission_seed_demo_student_2_6_seed_demo_exam_5', 'seed_demo_question_5_3', 'seed_demo_question_5_3_choice_c', NULL, 1),
('seed_demo_answer_seed_demo_submission_seed_demo_student_2_6_seed_demo_exam_5_seed_demo_question_5_4', 'seed_demo_submission_seed_demo_student_2_6_seed_demo_exam_5', 'seed_demo_question_5_4', 'seed_demo_question_5_4_choice_d', NULL, 1),
('seed_demo_answer_seed_demo_submission_seed_demo_student_2_6_seed_demo_exam_5_seed_demo_question_5_5', 'seed_demo_submission_seed_demo_student_2_6_seed_demo_exam_5', 'seed_demo_question_5_5', 'seed_demo_question_5_5_choice_a', NULL, 1),
('seed_demo_answer_seed_demo_submission_seed_demo_student_2_6_seed_demo_exam_5_seed_demo_question_5_6', 'seed_demo_submission_seed_demo_student_2_6_seed_demo_exam_5', 'seed_demo_question_5_6', 'seed_demo_question_5_6_choice_b', NULL, 1),
('seed_demo_answer_seed_demo_submission_seed_demo_student_2_7_seed_demo_exam_1_seed_demo_question_1_1', 'seed_demo_submission_seed_demo_student_2_7_seed_demo_exam_1', 'seed_demo_question_1_1', 'seed_demo_question_1_1_choice_b', NULL, 0),
('seed_demo_answer_seed_demo_submission_seed_demo_student_2_7_seed_demo_exam_1_seed_demo_question_1_2', 'seed_demo_submission_seed_demo_student_2_7_seed_demo_exam_1', 'seed_demo_question_1_2', 'seed_demo_question_1_2_choice_d', NULL, 0),
('seed_demo_answer_seed_demo_submission_seed_demo_student_2_7_seed_demo_exam_1_seed_demo_question_1_3', 'seed_demo_submission_seed_demo_student_2_7_seed_demo_exam_1', 'seed_demo_question_1_3', 'seed_demo_question_1_3_choice_b', NULL, 0),
('seed_demo_answer_seed_demo_submission_seed_demo_student_2_7_seed_demo_exam_1_seed_demo_question_1_4', 'seed_demo_submission_seed_demo_student_2_7_seed_demo_exam_1', 'seed_demo_question_1_4', 'seed_demo_question_1_4_choice_a', NULL, 0),
('seed_demo_answer_seed_demo_submission_seed_demo_student_2_7_seed_demo_exam_1_seed_demo_question_1_5', 'seed_demo_submission_seed_demo_student_2_7_seed_demo_exam_1', 'seed_demo_question_1_5', 'seed_demo_question_1_5_choice_a', NULL, 1),
('seed_demo_answer_seed_demo_submission_seed_demo_student_2_7_seed_demo_exam_1_seed_demo_question_1_6', 'seed_demo_submission_seed_demo_student_2_7_seed_demo_exam_1', 'seed_demo_question_1_6', 'seed_demo_question_1_6_choice_b', NULL, 1),
('seed_demo_answer_seed_demo_submission_seed_demo_student_2_7_seed_demo_exam_2_seed_demo_question_2_1', 'seed_demo_submission_seed_demo_student_2_7_seed_demo_exam_2', 'seed_demo_question_2_1', 'seed_demo_question_2_1_choice_d', NULL, 0),
('seed_demo_answer_seed_demo_submission_seed_demo_student_2_7_seed_demo_exam_2_seed_demo_question_2_2', 'seed_demo_submission_seed_demo_student_2_7_seed_demo_exam_2', 'seed_demo_question_2_2', 'seed_demo_question_2_2_choice_b', NULL, 0),
('seed_demo_answer_seed_demo_submission_seed_demo_student_2_7_seed_demo_exam_2_seed_demo_question_2_3', 'seed_demo_submission_seed_demo_student_2_7_seed_demo_exam_2', 'seed_demo_question_2_3', 'seed_demo_question_2_3_choice_d', NULL, 1),
('seed_demo_answer_seed_demo_submission_seed_demo_student_2_7_seed_demo_exam_2_seed_demo_question_2_4', 'seed_demo_submission_seed_demo_student_2_7_seed_demo_exam_2', 'seed_demo_question_2_4', 'seed_demo_question_2_4_choice_a', NULL, 1),
('seed_demo_answer_seed_demo_submission_seed_demo_student_2_7_seed_demo_exam_2_seed_demo_question_2_5', 'seed_demo_submission_seed_demo_student_2_7_seed_demo_exam_2', 'seed_demo_question_2_5', 'seed_demo_question_2_5_choice_b', NULL, 1),
('seed_demo_answer_seed_demo_submission_seed_demo_student_2_7_seed_demo_exam_2_seed_demo_question_2_6', 'seed_demo_submission_seed_demo_student_2_7_seed_demo_exam_2', 'seed_demo_question_2_6', 'seed_demo_question_2_6_choice_c', NULL, 1),
('seed_demo_answer_seed_demo_submission_seed_demo_student_2_7_seed_demo_exam_3_seed_demo_question_3_1', 'seed_demo_submission_seed_demo_student_2_7_seed_demo_exam_3', 'seed_demo_question_3_1', 'seed_demo_question_3_1_choice_c', NULL, 1),
('seed_demo_answer_seed_demo_submission_seed_demo_student_2_7_seed_demo_exam_3_seed_demo_question_3_2', 'seed_demo_submission_seed_demo_student_2_7_seed_demo_exam_3', 'seed_demo_question_3_2', 'seed_demo_question_3_2_choice_d', NULL, 1),
('seed_demo_answer_seed_demo_submission_seed_demo_student_2_7_seed_demo_exam_3_seed_demo_question_3_3', 'seed_demo_submission_seed_demo_student_2_7_seed_demo_exam_3', 'seed_demo_question_3_3', 'seed_demo_question_3_3_choice_a', NULL, 1),
('seed_demo_answer_seed_demo_submission_seed_demo_student_2_7_seed_demo_exam_3_seed_demo_question_3_4', 'seed_demo_submission_seed_demo_student_2_7_seed_demo_exam_3', 'seed_demo_question_3_4', 'seed_demo_question_3_4_choice_b', NULL, 1),
('seed_demo_answer_seed_demo_submission_seed_demo_student_2_7_seed_demo_exam_3_seed_demo_question_3_5', 'seed_demo_submission_seed_demo_student_2_7_seed_demo_exam_3', 'seed_demo_question_3_5', 'seed_demo_question_3_5_choice_c', NULL, 1),
('seed_demo_answer_seed_demo_submission_seed_demo_student_2_7_seed_demo_exam_3_seed_demo_question_3_6', 'seed_demo_submission_seed_demo_student_2_7_seed_demo_exam_3', 'seed_demo_question_3_6', 'seed_demo_question_3_6_choice_d', NULL, 1),
('seed_demo_answer_seed_demo_submission_seed_demo_student_2_7_seed_demo_exam_4_seed_demo_question_4_1', 'seed_demo_submission_seed_demo_student_2_7_seed_demo_exam_4', 'seed_demo_question_4_1', 'seed_demo_question_4_1_choice_d', NULL, 1),
('seed_demo_answer_seed_demo_submission_seed_demo_student_2_7_seed_demo_exam_4_seed_demo_question_4_2', 'seed_demo_submission_seed_demo_student_2_7_seed_demo_exam_4', 'seed_demo_question_4_2', 'seed_demo_question_4_2_choice_a', NULL, 1);

INSERT INTO student_exam_answers (id, submissionId, questionId, selectedChoiceId, answerText, isCorrect) VALUES
('seed_demo_answer_seed_demo_submission_seed_demo_student_2_7_seed_demo_exam_4_seed_demo_question_4_3', 'seed_demo_submission_seed_demo_student_2_7_seed_demo_exam_4', 'seed_demo_question_4_3', 'seed_demo_question_4_3_choice_b', NULL, 1),
('seed_demo_answer_seed_demo_submission_seed_demo_student_2_7_seed_demo_exam_4_seed_demo_question_4_4', 'seed_demo_submission_seed_demo_student_2_7_seed_demo_exam_4', 'seed_demo_question_4_4', 'seed_demo_question_4_4_choice_c', NULL, 1),
('seed_demo_answer_seed_demo_submission_seed_demo_student_2_7_seed_demo_exam_4_seed_demo_question_4_5', 'seed_demo_submission_seed_demo_student_2_7_seed_demo_exam_4', 'seed_demo_question_4_5', 'seed_demo_question_4_5_choice_d', NULL, 1),
('seed_demo_answer_seed_demo_submission_seed_demo_student_2_7_seed_demo_exam_4_seed_demo_question_4_6', 'seed_demo_submission_seed_demo_student_2_7_seed_demo_exam_4', 'seed_demo_question_4_6', 'seed_demo_question_4_6_choice_a', NULL, 1),
('seed_demo_answer_seed_demo_submission_seed_demo_student_2_7_seed_demo_exam_5_seed_demo_question_5_1', 'seed_demo_submission_seed_demo_student_2_7_seed_demo_exam_5', 'seed_demo_question_5_1', 'seed_demo_question_5_1_choice_a', NULL, 1),
('seed_demo_answer_seed_demo_submission_seed_demo_student_2_7_seed_demo_exam_5_seed_demo_question_5_2', 'seed_demo_submission_seed_demo_student_2_7_seed_demo_exam_5', 'seed_demo_question_5_2', 'seed_demo_question_5_2_choice_b', NULL, 1),
('seed_demo_answer_seed_demo_submission_seed_demo_student_2_7_seed_demo_exam_5_seed_demo_question_5_3', 'seed_demo_submission_seed_demo_student_2_7_seed_demo_exam_5', 'seed_demo_question_5_3', 'seed_demo_question_5_3_choice_c', NULL, 1),
('seed_demo_answer_seed_demo_submission_seed_demo_student_2_7_seed_demo_exam_5_seed_demo_question_5_4', 'seed_demo_submission_seed_demo_student_2_7_seed_demo_exam_5', 'seed_demo_question_5_4', 'seed_demo_question_5_4_choice_d', NULL, 1),
('seed_demo_answer_seed_demo_submission_seed_demo_student_2_7_seed_demo_exam_5_seed_demo_question_5_5', 'seed_demo_submission_seed_demo_student_2_7_seed_demo_exam_5', 'seed_demo_question_5_5', 'seed_demo_question_5_5_choice_a', NULL, 1),
('seed_demo_answer_seed_demo_submission_seed_demo_student_2_7_seed_demo_exam_5_seed_demo_question_5_6', 'seed_demo_submission_seed_demo_student_2_7_seed_demo_exam_5', 'seed_demo_question_5_6', 'seed_demo_question_5_6_choice_b', NULL, 1),
('seed_demo_answer_seed_demo_submission_seed_demo_student_2_8_seed_demo_exam_1_seed_demo_question_1_1', 'seed_demo_submission_seed_demo_student_2_8_seed_demo_exam_1', 'seed_demo_question_1_1', 'seed_demo_question_1_1_choice_c', NULL, 0),
('seed_demo_answer_seed_demo_submission_seed_demo_student_2_8_seed_demo_exam_1_seed_demo_question_1_2', 'seed_demo_submission_seed_demo_student_2_8_seed_demo_exam_1', 'seed_demo_question_1_2', 'seed_demo_question_1_2_choice_b', NULL, 1),
('seed_demo_answer_seed_demo_submission_seed_demo_student_2_8_seed_demo_exam_1_seed_demo_question_1_3', 'seed_demo_submission_seed_demo_student_2_8_seed_demo_exam_1', 'seed_demo_question_1_3', 'seed_demo_question_1_3_choice_c', NULL, 1),
('seed_demo_answer_seed_demo_submission_seed_demo_student_2_8_seed_demo_exam_1_seed_demo_question_1_4', 'seed_demo_submission_seed_demo_student_2_8_seed_demo_exam_1', 'seed_demo_question_1_4', 'seed_demo_question_1_4_choice_d', NULL, 1),
('seed_demo_answer_seed_demo_submission_seed_demo_student_2_8_seed_demo_exam_1_seed_demo_question_1_5', 'seed_demo_submission_seed_demo_student_2_8_seed_demo_exam_1', 'seed_demo_question_1_5', 'seed_demo_question_1_5_choice_a', NULL, 1),
('seed_demo_answer_seed_demo_submission_seed_demo_student_2_8_seed_demo_exam_1_seed_demo_question_1_6', 'seed_demo_submission_seed_demo_student_2_8_seed_demo_exam_1', 'seed_demo_question_1_6', 'seed_demo_question_1_6_choice_b', NULL, 1),
('seed_demo_answer_seed_demo_submission_seed_demo_student_2_8_seed_demo_exam_2_seed_demo_question_2_1', 'seed_demo_submission_seed_demo_student_2_8_seed_demo_exam_2', 'seed_demo_question_2_1', 'seed_demo_question_2_1_choice_b', NULL, 1),
('seed_demo_answer_seed_demo_submission_seed_demo_student_2_8_seed_demo_exam_2_seed_demo_question_2_2', 'seed_demo_submission_seed_demo_student_2_8_seed_demo_exam_2', 'seed_demo_question_2_2', 'seed_demo_question_2_2_choice_c', NULL, 1),
('seed_demo_answer_seed_demo_submission_seed_demo_student_2_8_seed_demo_exam_2_seed_demo_question_2_3', 'seed_demo_submission_seed_demo_student_2_8_seed_demo_exam_2', 'seed_demo_question_2_3', 'seed_demo_question_2_3_choice_d', NULL, 1),
('seed_demo_answer_seed_demo_submission_seed_demo_student_2_8_seed_demo_exam_2_seed_demo_question_2_4', 'seed_demo_submission_seed_demo_student_2_8_seed_demo_exam_2', 'seed_demo_question_2_4', 'seed_demo_question_2_4_choice_a', NULL, 1),
('seed_demo_answer_seed_demo_submission_seed_demo_student_2_8_seed_demo_exam_2_seed_demo_question_2_5', 'seed_demo_submission_seed_demo_student_2_8_seed_demo_exam_2', 'seed_demo_question_2_5', 'seed_demo_question_2_5_choice_b', NULL, 1),
('seed_demo_answer_seed_demo_submission_seed_demo_student_2_8_seed_demo_exam_2_seed_demo_question_2_6', 'seed_demo_submission_seed_demo_student_2_8_seed_demo_exam_2', 'seed_demo_question_2_6', 'seed_demo_question_2_6_choice_c', NULL, 1),
('seed_demo_answer_seed_demo_submission_seed_demo_student_2_8_seed_demo_exam_3_seed_demo_question_3_1', 'seed_demo_submission_seed_demo_student_2_8_seed_demo_exam_3', 'seed_demo_question_3_1', 'seed_demo_question_3_1_choice_c', NULL, 1),
('seed_demo_answer_seed_demo_submission_seed_demo_student_2_8_seed_demo_exam_3_seed_demo_question_3_2', 'seed_demo_submission_seed_demo_student_2_8_seed_demo_exam_3', 'seed_demo_question_3_2', 'seed_demo_question_3_2_choice_d', NULL, 1),
('seed_demo_answer_seed_demo_submission_seed_demo_student_2_8_seed_demo_exam_3_seed_demo_question_3_3', 'seed_demo_submission_seed_demo_student_2_8_seed_demo_exam_3', 'seed_demo_question_3_3', 'seed_demo_question_3_3_choice_a', NULL, 1),
('seed_demo_answer_seed_demo_submission_seed_demo_student_2_8_seed_demo_exam_3_seed_demo_question_3_4', 'seed_demo_submission_seed_demo_student_2_8_seed_demo_exam_3', 'seed_demo_question_3_4', 'seed_demo_question_3_4_choice_b', NULL, 1),
('seed_demo_answer_seed_demo_submission_seed_demo_student_2_8_seed_demo_exam_3_seed_demo_question_3_5', 'seed_demo_submission_seed_demo_student_2_8_seed_demo_exam_3', 'seed_demo_question_3_5', 'seed_demo_question_3_5_choice_c', NULL, 1),
('seed_demo_answer_seed_demo_submission_seed_demo_student_2_8_seed_demo_exam_3_seed_demo_question_3_6', 'seed_demo_submission_seed_demo_student_2_8_seed_demo_exam_3', 'seed_demo_question_3_6', 'seed_demo_question_3_6_choice_d', NULL, 1),
('seed_demo_answer_seed_demo_submission_seed_demo_student_2_8_seed_demo_exam_4_seed_demo_question_4_1', 'seed_demo_submission_seed_demo_student_2_8_seed_demo_exam_4', 'seed_demo_question_4_1', 'seed_demo_question_4_1_choice_d', NULL, 1),
('seed_demo_answer_seed_demo_submission_seed_demo_student_2_8_seed_demo_exam_4_seed_demo_question_4_2', 'seed_demo_submission_seed_demo_student_2_8_seed_demo_exam_4', 'seed_demo_question_4_2', 'seed_demo_question_4_2_choice_a', NULL, 1),
('seed_demo_answer_seed_demo_submission_seed_demo_student_2_8_seed_demo_exam_4_seed_demo_question_4_3', 'seed_demo_submission_seed_demo_student_2_8_seed_demo_exam_4', 'seed_demo_question_4_3', 'seed_demo_question_4_3_choice_b', NULL, 1),
('seed_demo_answer_seed_demo_submission_seed_demo_student_2_8_seed_demo_exam_4_seed_demo_question_4_4', 'seed_demo_submission_seed_demo_student_2_8_seed_demo_exam_4', 'seed_demo_question_4_4', 'seed_demo_question_4_4_choice_c', NULL, 1),
('seed_demo_answer_seed_demo_submission_seed_demo_student_2_8_seed_demo_exam_4_seed_demo_question_4_5', 'seed_demo_submission_seed_demo_student_2_8_seed_demo_exam_4', 'seed_demo_question_4_5', 'seed_demo_question_4_5_choice_d', NULL, 1),
('seed_demo_answer_seed_demo_submission_seed_demo_student_2_8_seed_demo_exam_4_seed_demo_question_4_6', 'seed_demo_submission_seed_demo_student_2_8_seed_demo_exam_4', 'seed_demo_question_4_6', 'seed_demo_question_4_6_choice_a', NULL, 1),
('seed_demo_answer_seed_demo_submission_seed_demo_student_2_8_seed_demo_exam_5_seed_demo_question_5_1', 'seed_demo_submission_seed_demo_student_2_8_seed_demo_exam_5', 'seed_demo_question_5_1', 'seed_demo_question_5_1_choice_a', NULL, 1),
('seed_demo_answer_seed_demo_submission_seed_demo_student_2_8_seed_demo_exam_5_seed_demo_question_5_2', 'seed_demo_submission_seed_demo_student_2_8_seed_demo_exam_5', 'seed_demo_question_5_2', 'seed_demo_question_5_2_choice_b', NULL, 1),
('seed_demo_answer_seed_demo_submission_seed_demo_student_2_8_seed_demo_exam_5_seed_demo_question_5_3', 'seed_demo_submission_seed_demo_student_2_8_seed_demo_exam_5', 'seed_demo_question_5_3', 'seed_demo_question_5_3_choice_c', NULL, 1),
('seed_demo_answer_seed_demo_submission_seed_demo_student_2_8_seed_demo_exam_5_seed_demo_question_5_4', 'seed_demo_submission_seed_demo_student_2_8_seed_demo_exam_5', 'seed_demo_question_5_4', 'seed_demo_question_5_4_choice_d', NULL, 1),
('seed_demo_answer_seed_demo_submission_seed_demo_student_2_8_seed_demo_exam_5_seed_demo_question_5_5', 'seed_demo_submission_seed_demo_student_2_8_seed_demo_exam_5', 'seed_demo_question_5_5', 'seed_demo_question_5_5_choice_a', NULL, 1),
('seed_demo_answer_seed_demo_submission_seed_demo_student_2_8_seed_demo_exam_5_seed_demo_question_5_6', 'seed_demo_submission_seed_demo_student_2_8_seed_demo_exam_5', 'seed_demo_question_5_6', 'seed_demo_question_5_6_choice_b', NULL, 1),
('seed_demo_answer_seed_demo_submission_seed_demo_student_2_9_seed_demo_exam_1_seed_demo_question_1_1', 'seed_demo_submission_seed_demo_student_2_9_seed_demo_exam_1', 'seed_demo_question_1_1', 'seed_demo_question_1_1_choice_a', NULL, 1),
('seed_demo_answer_seed_demo_submission_seed_demo_student_2_9_seed_demo_exam_1_seed_demo_question_1_2', 'seed_demo_submission_seed_demo_student_2_9_seed_demo_exam_1', 'seed_demo_question_1_2', 'seed_demo_question_1_2_choice_b', NULL, 1),
('seed_demo_answer_seed_demo_submission_seed_demo_student_2_9_seed_demo_exam_1_seed_demo_question_1_3', 'seed_demo_submission_seed_demo_student_2_9_seed_demo_exam_1', 'seed_demo_question_1_3', 'seed_demo_question_1_3_choice_c', NULL, 1),
('seed_demo_answer_seed_demo_submission_seed_demo_student_2_9_seed_demo_exam_1_seed_demo_question_1_4', 'seed_demo_submission_seed_demo_student_2_9_seed_demo_exam_1', 'seed_demo_question_1_4', 'seed_demo_question_1_4_choice_d', NULL, 1),
('seed_demo_answer_seed_demo_submission_seed_demo_student_2_9_seed_demo_exam_1_seed_demo_question_1_5', 'seed_demo_submission_seed_demo_student_2_9_seed_demo_exam_1', 'seed_demo_question_1_5', 'seed_demo_question_1_5_choice_a', NULL, 1),
('seed_demo_answer_seed_demo_submission_seed_demo_student_2_9_seed_demo_exam_1_seed_demo_question_1_6', 'seed_demo_submission_seed_demo_student_2_9_seed_demo_exam_1', 'seed_demo_question_1_6', 'seed_demo_question_1_6_choice_b', NULL, 1),
('seed_demo_answer_seed_demo_submission_seed_demo_student_2_9_seed_demo_exam_2_seed_demo_question_2_1', 'seed_demo_submission_seed_demo_student_2_9_seed_demo_exam_2', 'seed_demo_question_2_1', 'seed_demo_question_2_1_choice_b', NULL, 1),
('seed_demo_answer_seed_demo_submission_seed_demo_student_2_9_seed_demo_exam_2_seed_demo_question_2_2', 'seed_demo_submission_seed_demo_student_2_9_seed_demo_exam_2', 'seed_demo_question_2_2', 'seed_demo_question_2_2_choice_c', NULL, 1),
('seed_demo_answer_seed_demo_submission_seed_demo_student_2_9_seed_demo_exam_2_seed_demo_question_2_3', 'seed_demo_submission_seed_demo_student_2_9_seed_demo_exam_2', 'seed_demo_question_2_3', 'seed_demo_question_2_3_choice_d', NULL, 1),
('seed_demo_answer_seed_demo_submission_seed_demo_student_2_9_seed_demo_exam_2_seed_demo_question_2_4', 'seed_demo_submission_seed_demo_student_2_9_seed_demo_exam_2', 'seed_demo_question_2_4', 'seed_demo_question_2_4_choice_a', NULL, 1),
('seed_demo_answer_seed_demo_submission_seed_demo_student_2_9_seed_demo_exam_2_seed_demo_question_2_5', 'seed_demo_submission_seed_demo_student_2_9_seed_demo_exam_2', 'seed_demo_question_2_5', 'seed_demo_question_2_5_choice_b', NULL, 1),
('seed_demo_answer_seed_demo_submission_seed_demo_student_2_9_seed_demo_exam_2_seed_demo_question_2_6', 'seed_demo_submission_seed_demo_student_2_9_seed_demo_exam_2', 'seed_demo_question_2_6', 'seed_demo_question_2_6_choice_c', NULL, 1),
('seed_demo_answer_seed_demo_submission_seed_demo_student_2_9_seed_demo_exam_3_seed_demo_question_3_1', 'seed_demo_submission_seed_demo_student_2_9_seed_demo_exam_3', 'seed_demo_question_3_1', 'seed_demo_question_3_1_choice_c', NULL, 1),
('seed_demo_answer_seed_demo_submission_seed_demo_student_2_9_seed_demo_exam_3_seed_demo_question_3_2', 'seed_demo_submission_seed_demo_student_2_9_seed_demo_exam_3', 'seed_demo_question_3_2', 'seed_demo_question_3_2_choice_d', NULL, 1),
('seed_demo_answer_seed_demo_submission_seed_demo_student_2_9_seed_demo_exam_3_seed_demo_question_3_3', 'seed_demo_submission_seed_demo_student_2_9_seed_demo_exam_3', 'seed_demo_question_3_3', 'seed_demo_question_3_3_choice_a', NULL, 1),
('seed_demo_answer_seed_demo_submission_seed_demo_student_2_9_seed_demo_exam_3_seed_demo_question_3_4', 'seed_demo_submission_seed_demo_student_2_9_seed_demo_exam_3', 'seed_demo_question_3_4', 'seed_demo_question_3_4_choice_b', NULL, 1),
('seed_demo_answer_seed_demo_submission_seed_demo_student_2_9_seed_demo_exam_3_seed_demo_question_3_5', 'seed_demo_submission_seed_demo_student_2_9_seed_demo_exam_3', 'seed_demo_question_3_5', 'seed_demo_question_3_5_choice_c', NULL, 1),
('seed_demo_answer_seed_demo_submission_seed_demo_student_2_9_seed_demo_exam_3_seed_demo_question_3_6', 'seed_demo_submission_seed_demo_student_2_9_seed_demo_exam_3', 'seed_demo_question_3_6', 'seed_demo_question_3_6_choice_d', NULL, 1),
('seed_demo_answer_seed_demo_submission_seed_demo_student_2_9_seed_demo_exam_4_seed_demo_question_4_1', 'seed_demo_submission_seed_demo_student_2_9_seed_demo_exam_4', 'seed_demo_question_4_1', 'seed_demo_question_4_1_choice_d', NULL, 1),
('seed_demo_answer_seed_demo_submission_seed_demo_student_2_9_seed_demo_exam_4_seed_demo_question_4_2', 'seed_demo_submission_seed_demo_student_2_9_seed_demo_exam_4', 'seed_demo_question_4_2', 'seed_demo_question_4_2_choice_a', NULL, 1),
('seed_demo_answer_seed_demo_submission_seed_demo_student_2_9_seed_demo_exam_4_seed_demo_question_4_3', 'seed_demo_submission_seed_demo_student_2_9_seed_demo_exam_4', 'seed_demo_question_4_3', 'seed_demo_question_4_3_choice_b', NULL, 1),
('seed_demo_answer_seed_demo_submission_seed_demo_student_2_9_seed_demo_exam_4_seed_demo_question_4_4', 'seed_demo_submission_seed_demo_student_2_9_seed_demo_exam_4', 'seed_demo_question_4_4', 'seed_demo_question_4_4_choice_c', NULL, 1),
('seed_demo_answer_seed_demo_submission_seed_demo_student_2_9_seed_demo_exam_4_seed_demo_question_4_5', 'seed_demo_submission_seed_demo_student_2_9_seed_demo_exam_4', 'seed_demo_question_4_5', 'seed_demo_question_4_5_choice_d', NULL, 1),
('seed_demo_answer_seed_demo_submission_seed_demo_student_2_9_seed_demo_exam_4_seed_demo_question_4_6', 'seed_demo_submission_seed_demo_student_2_9_seed_demo_exam_4', 'seed_demo_question_4_6', 'seed_demo_question_4_6_choice_a', NULL, 1),
('seed_demo_answer_seed_demo_submission_seed_demo_student_2_9_seed_demo_exam_5_seed_demo_question_5_1', 'seed_demo_submission_seed_demo_student_2_9_seed_demo_exam_5', 'seed_demo_question_5_1', 'seed_demo_question_5_1_choice_b', NULL, 0),
('seed_demo_answer_seed_demo_submission_seed_demo_student_2_9_seed_demo_exam_5_seed_demo_question_5_2', 'seed_demo_submission_seed_demo_student_2_9_seed_demo_exam_5', 'seed_demo_question_5_2', 'seed_demo_question_5_2_choice_d', NULL, 0),
('seed_demo_answer_seed_demo_submission_seed_demo_student_2_9_seed_demo_exam_5_seed_demo_question_5_3', 'seed_demo_submission_seed_demo_student_2_9_seed_demo_exam_5', 'seed_demo_question_5_3', 'seed_demo_question_5_3_choice_b', NULL, 0),
('seed_demo_answer_seed_demo_submission_seed_demo_student_2_9_seed_demo_exam_5_seed_demo_question_5_4', 'seed_demo_submission_seed_demo_student_2_9_seed_demo_exam_5', 'seed_demo_question_5_4', 'seed_demo_question_5_4_choice_a', NULL, 0),
('seed_demo_answer_seed_demo_submission_seed_demo_student_2_9_seed_demo_exam_5_seed_demo_question_5_5', 'seed_demo_submission_seed_demo_student_2_9_seed_demo_exam_5', 'seed_demo_question_5_5', 'seed_demo_question_5_5_choice_c', NULL, 0),
('seed_demo_answer_seed_demo_submission_seed_demo_student_2_9_seed_demo_exam_5_seed_demo_question_5_6', 'seed_demo_submission_seed_demo_student_2_9_seed_demo_exam_5', 'seed_demo_question_5_6', 'seed_demo_question_5_6_choice_a', NULL, 0),
('seed_demo_answer_seed_demo_submission_seed_demo_student_2_10_seed_demo_exam_1_seed_demo_question_1_1', 'seed_demo_submission_seed_demo_student_2_10_seed_demo_exam_1', 'seed_demo_question_1_1', 'seed_demo_question_1_1_choice_a', NULL, 1),
('seed_demo_answer_seed_demo_submission_seed_demo_student_2_10_seed_demo_exam_1_seed_demo_question_1_2', 'seed_demo_submission_seed_demo_student_2_10_seed_demo_exam_1', 'seed_demo_question_1_2', 'seed_demo_question_1_2_choice_b', NULL, 1),
('seed_demo_answer_seed_demo_submission_seed_demo_student_2_10_seed_demo_exam_1_seed_demo_question_1_3', 'seed_demo_submission_seed_demo_student_2_10_seed_demo_exam_1', 'seed_demo_question_1_3', 'seed_demo_question_1_3_choice_c', NULL, 1),
('seed_demo_answer_seed_demo_submission_seed_demo_student_2_10_seed_demo_exam_1_seed_demo_question_1_4', 'seed_demo_submission_seed_demo_student_2_10_seed_demo_exam_1', 'seed_demo_question_1_4', 'seed_demo_question_1_4_choice_d', NULL, 1),
('seed_demo_answer_seed_demo_submission_seed_demo_student_2_10_seed_demo_exam_1_seed_demo_question_1_5', 'seed_demo_submission_seed_demo_student_2_10_seed_demo_exam_1', 'seed_demo_question_1_5', 'seed_demo_question_1_5_choice_a', NULL, 1),
('seed_demo_answer_seed_demo_submission_seed_demo_student_2_10_seed_demo_exam_1_seed_demo_question_1_6', 'seed_demo_submission_seed_demo_student_2_10_seed_demo_exam_1', 'seed_demo_question_1_6', 'seed_demo_question_1_6_choice_b', NULL, 1),
('seed_demo_answer_seed_demo_submission_seed_demo_student_2_10_seed_demo_exam_2_seed_demo_question_2_1', 'seed_demo_submission_seed_demo_student_2_10_seed_demo_exam_2', 'seed_demo_question_2_1', 'seed_demo_question_2_1_choice_b', NULL, 1),
('seed_demo_answer_seed_demo_submission_seed_demo_student_2_10_seed_demo_exam_2_seed_demo_question_2_2', 'seed_demo_submission_seed_demo_student_2_10_seed_demo_exam_2', 'seed_demo_question_2_2', 'seed_demo_question_2_2_choice_c', NULL, 1),
('seed_demo_answer_seed_demo_submission_seed_demo_student_2_10_seed_demo_exam_2_seed_demo_question_2_3', 'seed_demo_submission_seed_demo_student_2_10_seed_demo_exam_2', 'seed_demo_question_2_3', 'seed_demo_question_2_3_choice_d', NULL, 1),
('seed_demo_answer_seed_demo_submission_seed_demo_student_2_10_seed_demo_exam_2_seed_demo_question_2_4', 'seed_demo_submission_seed_demo_student_2_10_seed_demo_exam_2', 'seed_demo_question_2_4', 'seed_demo_question_2_4_choice_a', NULL, 1);

INSERT INTO student_exam_answers (id, submissionId, questionId, selectedChoiceId, answerText, isCorrect) VALUES
('seed_demo_answer_seed_demo_submission_seed_demo_student_2_10_seed_demo_exam_2_seed_demo_question_2_5', 'seed_demo_submission_seed_demo_student_2_10_seed_demo_exam_2', 'seed_demo_question_2_5', 'seed_demo_question_2_5_choice_b', NULL, 1),
('seed_demo_answer_seed_demo_submission_seed_demo_student_2_10_seed_demo_exam_2_seed_demo_question_2_6', 'seed_demo_submission_seed_demo_student_2_10_seed_demo_exam_2', 'seed_demo_question_2_6', 'seed_demo_question_2_6_choice_c', NULL, 1),
('seed_demo_answer_seed_demo_submission_seed_demo_student_2_10_seed_demo_exam_3_seed_demo_question_3_1', 'seed_demo_submission_seed_demo_student_2_10_seed_demo_exam_3', 'seed_demo_question_3_1', 'seed_demo_question_3_1_choice_c', NULL, 1),
('seed_demo_answer_seed_demo_submission_seed_demo_student_2_10_seed_demo_exam_3_seed_demo_question_3_2', 'seed_demo_submission_seed_demo_student_2_10_seed_demo_exam_3', 'seed_demo_question_3_2', 'seed_demo_question_3_2_choice_d', NULL, 1),
('seed_demo_answer_seed_demo_submission_seed_demo_student_2_10_seed_demo_exam_3_seed_demo_question_3_3', 'seed_demo_submission_seed_demo_student_2_10_seed_demo_exam_3', 'seed_demo_question_3_3', 'seed_demo_question_3_3_choice_a', NULL, 1),
('seed_demo_answer_seed_demo_submission_seed_demo_student_2_10_seed_demo_exam_3_seed_demo_question_3_4', 'seed_demo_submission_seed_demo_student_2_10_seed_demo_exam_3', 'seed_demo_question_3_4', 'seed_demo_question_3_4_choice_b', NULL, 1),
('seed_demo_answer_seed_demo_submission_seed_demo_student_2_10_seed_demo_exam_3_seed_demo_question_3_5', 'seed_demo_submission_seed_demo_student_2_10_seed_demo_exam_3', 'seed_demo_question_3_5', 'seed_demo_question_3_5_choice_c', NULL, 1),
('seed_demo_answer_seed_demo_submission_seed_demo_student_2_10_seed_demo_exam_3_seed_demo_question_3_6', 'seed_demo_submission_seed_demo_student_2_10_seed_demo_exam_3', 'seed_demo_question_3_6', 'seed_demo_question_3_6_choice_d', NULL, 1),
('seed_demo_answer_seed_demo_submission_seed_demo_student_2_10_seed_demo_exam_4_seed_demo_question_4_1', 'seed_demo_submission_seed_demo_student_2_10_seed_demo_exam_4', 'seed_demo_question_4_1', 'seed_demo_question_4_1_choice_a', NULL, 0),
('seed_demo_answer_seed_demo_submission_seed_demo_student_2_10_seed_demo_exam_4_seed_demo_question_4_2', 'seed_demo_submission_seed_demo_student_2_10_seed_demo_exam_4', 'seed_demo_question_4_2', 'seed_demo_question_4_2_choice_c', NULL, 0),
('seed_demo_answer_seed_demo_submission_seed_demo_student_2_10_seed_demo_exam_4_seed_demo_question_4_3', 'seed_demo_submission_seed_demo_student_2_10_seed_demo_exam_4', 'seed_demo_question_4_3', 'seed_demo_question_4_3_choice_a', NULL, 0),
('seed_demo_answer_seed_demo_submission_seed_demo_student_2_10_seed_demo_exam_4_seed_demo_question_4_4', 'seed_demo_submission_seed_demo_student_2_10_seed_demo_exam_4', 'seed_demo_question_4_4', 'seed_demo_question_4_4_choice_d', NULL, 0),
('seed_demo_answer_seed_demo_submission_seed_demo_student_2_10_seed_demo_exam_4_seed_demo_question_4_5', 'seed_demo_submission_seed_demo_student_2_10_seed_demo_exam_4', 'seed_demo_question_4_5', 'seed_demo_question_4_5_choice_b', NULL, 0),
('seed_demo_answer_seed_demo_submission_seed_demo_student_2_10_seed_demo_exam_4_seed_demo_question_4_6', 'seed_demo_submission_seed_demo_student_2_10_seed_demo_exam_4', 'seed_demo_question_4_6', 'seed_demo_question_4_6_choice_a', NULL, 1),
('seed_demo_answer_seed_demo_submission_seed_demo_student_2_10_seed_demo_exam_5_seed_demo_question_5_1', 'seed_demo_submission_seed_demo_student_2_10_seed_demo_exam_5', 'seed_demo_question_5_1', 'seed_demo_question_5_1_choice_c', NULL, 0),
('seed_demo_answer_seed_demo_submission_seed_demo_student_2_10_seed_demo_exam_5_seed_demo_question_5_2', 'seed_demo_submission_seed_demo_student_2_10_seed_demo_exam_5', 'seed_demo_question_5_2', 'seed_demo_question_5_2_choice_a', NULL, 0),
('seed_demo_answer_seed_demo_submission_seed_demo_student_2_10_seed_demo_exam_5_seed_demo_question_5_3', 'seed_demo_submission_seed_demo_student_2_10_seed_demo_exam_5', 'seed_demo_question_5_3', 'seed_demo_question_5_3_choice_d', NULL, 0),
('seed_demo_answer_seed_demo_submission_seed_demo_student_2_10_seed_demo_exam_5_seed_demo_question_5_4', 'seed_demo_submission_seed_demo_student_2_10_seed_demo_exam_5', 'seed_demo_question_5_4', 'seed_demo_question_5_4_choice_d', NULL, 1),
('seed_demo_answer_seed_demo_submission_seed_demo_student_2_10_seed_demo_exam_5_seed_demo_question_5_5', 'seed_demo_submission_seed_demo_student_2_10_seed_demo_exam_5', 'seed_demo_question_5_5', 'seed_demo_question_5_5_choice_a', NULL, 1),
('seed_demo_answer_seed_demo_submission_seed_demo_student_2_10_seed_demo_exam_5_seed_demo_question_5_6', 'seed_demo_submission_seed_demo_student_2_10_seed_demo_exam_5', 'seed_demo_question_5_6', 'seed_demo_question_5_6_choice_b', NULL, 1),
('seed_demo_answer_seed_demo_submission_seed_demo_student_2_11_seed_demo_exam_1_seed_demo_question_1_1', 'seed_demo_submission_seed_demo_student_2_11_seed_demo_exam_1', 'seed_demo_question_1_1', 'seed_demo_question_1_1_choice_a', NULL, 1),
('seed_demo_answer_seed_demo_submission_seed_demo_student_2_11_seed_demo_exam_1_seed_demo_question_1_2', 'seed_demo_submission_seed_demo_student_2_11_seed_demo_exam_1', 'seed_demo_question_1_2', 'seed_demo_question_1_2_choice_b', NULL, 1),
('seed_demo_answer_seed_demo_submission_seed_demo_student_2_11_seed_demo_exam_1_seed_demo_question_1_3', 'seed_demo_submission_seed_demo_student_2_11_seed_demo_exam_1', 'seed_demo_question_1_3', 'seed_demo_question_1_3_choice_c', NULL, 1),
('seed_demo_answer_seed_demo_submission_seed_demo_student_2_11_seed_demo_exam_1_seed_demo_question_1_4', 'seed_demo_submission_seed_demo_student_2_11_seed_demo_exam_1', 'seed_demo_question_1_4', 'seed_demo_question_1_4_choice_d', NULL, 1),
('seed_demo_answer_seed_demo_submission_seed_demo_student_2_11_seed_demo_exam_1_seed_demo_question_1_5', 'seed_demo_submission_seed_demo_student_2_11_seed_demo_exam_1', 'seed_demo_question_1_5', 'seed_demo_question_1_5_choice_a', NULL, 1),
('seed_demo_answer_seed_demo_submission_seed_demo_student_2_11_seed_demo_exam_1_seed_demo_question_1_6', 'seed_demo_submission_seed_demo_student_2_11_seed_demo_exam_1', 'seed_demo_question_1_6', 'seed_demo_question_1_6_choice_c', NULL, 0),
('seed_demo_answer_seed_demo_submission_seed_demo_student_2_11_seed_demo_exam_2_seed_demo_question_2_1', 'seed_demo_submission_seed_demo_student_2_11_seed_demo_exam_2', 'seed_demo_question_2_1', 'seed_demo_question_2_1_choice_b', NULL, 1),
('seed_demo_answer_seed_demo_submission_seed_demo_student_2_11_seed_demo_exam_2_seed_demo_question_2_2', 'seed_demo_submission_seed_demo_student_2_11_seed_demo_exam_2', 'seed_demo_question_2_2', 'seed_demo_question_2_2_choice_c', NULL, 1),
('seed_demo_answer_seed_demo_submission_seed_demo_student_2_11_seed_demo_exam_2_seed_demo_question_2_3', 'seed_demo_submission_seed_demo_student_2_11_seed_demo_exam_2', 'seed_demo_question_2_3', 'seed_demo_question_2_3_choice_d', NULL, 1),
('seed_demo_answer_seed_demo_submission_seed_demo_student_2_11_seed_demo_exam_2_seed_demo_question_2_4', 'seed_demo_submission_seed_demo_student_2_11_seed_demo_exam_2', 'seed_demo_question_2_4', 'seed_demo_question_2_4_choice_a', NULL, 1),
('seed_demo_answer_seed_demo_submission_seed_demo_student_2_11_seed_demo_exam_2_seed_demo_question_2_5', 'seed_demo_submission_seed_demo_student_2_11_seed_demo_exam_2', 'seed_demo_question_2_5', 'seed_demo_question_2_5_choice_b', NULL, 1),
('seed_demo_answer_seed_demo_submission_seed_demo_student_2_11_seed_demo_exam_2_seed_demo_question_2_6', 'seed_demo_submission_seed_demo_student_2_11_seed_demo_exam_2', 'seed_demo_question_2_6', 'seed_demo_question_2_6_choice_a', NULL, 0),
('seed_demo_answer_seed_demo_submission_seed_demo_student_2_11_seed_demo_exam_3_seed_demo_question_3_1', 'seed_demo_submission_seed_demo_student_2_11_seed_demo_exam_3', 'seed_demo_question_3_1', 'seed_demo_question_3_1_choice_d', NULL, 0),
('seed_demo_answer_seed_demo_submission_seed_demo_student_2_11_seed_demo_exam_3_seed_demo_question_3_2', 'seed_demo_submission_seed_demo_student_2_11_seed_demo_exam_3', 'seed_demo_question_3_2', 'seed_demo_question_3_2_choice_b', NULL, 0),
('seed_demo_answer_seed_demo_submission_seed_demo_student_2_11_seed_demo_exam_3_seed_demo_question_3_3', 'seed_demo_submission_seed_demo_student_2_11_seed_demo_exam_3', 'seed_demo_question_3_3', 'seed_demo_question_3_3_choice_d', NULL, 0),
('seed_demo_answer_seed_demo_submission_seed_demo_student_2_11_seed_demo_exam_3_seed_demo_question_3_4', 'seed_demo_submission_seed_demo_student_2_11_seed_demo_exam_3', 'seed_demo_question_3_4', 'seed_demo_question_3_4_choice_c', NULL, 0),
('seed_demo_answer_seed_demo_submission_seed_demo_student_2_11_seed_demo_exam_3_seed_demo_question_3_5', 'seed_demo_submission_seed_demo_student_2_11_seed_demo_exam_3', 'seed_demo_question_3_5', 'seed_demo_question_3_5_choice_a', NULL, 0),
('seed_demo_answer_seed_demo_submission_seed_demo_student_2_11_seed_demo_exam_3_seed_demo_question_3_6', 'seed_demo_submission_seed_demo_student_2_11_seed_demo_exam_3', 'seed_demo_question_3_6', 'seed_demo_question_3_6_choice_d', NULL, 1),
('seed_demo_answer_seed_demo_submission_seed_demo_student_2_11_seed_demo_exam_4_seed_demo_question_4_1', 'seed_demo_submission_seed_demo_student_2_11_seed_demo_exam_4', 'seed_demo_question_4_1', 'seed_demo_question_4_1_choice_b', NULL, 0),
('seed_demo_answer_seed_demo_submission_seed_demo_student_2_11_seed_demo_exam_4_seed_demo_question_4_2', 'seed_demo_submission_seed_demo_student_2_11_seed_demo_exam_4', 'seed_demo_question_4_2', 'seed_demo_question_4_2_choice_d', NULL, 0),
('seed_demo_answer_seed_demo_submission_seed_demo_student_2_11_seed_demo_exam_4_seed_demo_question_4_3', 'seed_demo_submission_seed_demo_student_2_11_seed_demo_exam_4', 'seed_demo_question_4_3', 'seed_demo_question_4_3_choice_c', NULL, 0),
('seed_demo_answer_seed_demo_submission_seed_demo_student_2_11_seed_demo_exam_4_seed_demo_question_4_4', 'seed_demo_submission_seed_demo_student_2_11_seed_demo_exam_4', 'seed_demo_question_4_4', 'seed_demo_question_4_4_choice_c', NULL, 1),
('seed_demo_answer_seed_demo_submission_seed_demo_student_2_11_seed_demo_exam_4_seed_demo_question_4_5', 'seed_demo_submission_seed_demo_student_2_11_seed_demo_exam_4', 'seed_demo_question_4_5', 'seed_demo_question_4_5_choice_d', NULL, 1),
('seed_demo_answer_seed_demo_submission_seed_demo_student_2_11_seed_demo_exam_4_seed_demo_question_4_6', 'seed_demo_submission_seed_demo_student_2_11_seed_demo_exam_4', 'seed_demo_question_4_6', 'seed_demo_question_4_6_choice_a', NULL, 1),
('seed_demo_answer_seed_demo_submission_seed_demo_student_2_11_seed_demo_exam_5_seed_demo_question_5_1', 'seed_demo_submission_seed_demo_student_2_11_seed_demo_exam_5', 'seed_demo_question_5_1', 'seed_demo_question_5_1_choice_d', NULL, 0),
('seed_demo_answer_seed_demo_submission_seed_demo_student_2_11_seed_demo_exam_5_seed_demo_question_5_2', 'seed_demo_submission_seed_demo_student_2_11_seed_demo_exam_5', 'seed_demo_question_5_2', 'seed_demo_question_5_2_choice_b', NULL, 1),
('seed_demo_answer_seed_demo_submission_seed_demo_student_2_11_seed_demo_exam_5_seed_demo_question_5_3', 'seed_demo_submission_seed_demo_student_2_11_seed_demo_exam_5', 'seed_demo_question_5_3', 'seed_demo_question_5_3_choice_c', NULL, 1),
('seed_demo_answer_seed_demo_submission_seed_demo_student_2_11_seed_demo_exam_5_seed_demo_question_5_4', 'seed_demo_submission_seed_demo_student_2_11_seed_demo_exam_5', 'seed_demo_question_5_4', 'seed_demo_question_5_4_choice_d', NULL, 1),
('seed_demo_answer_seed_demo_submission_seed_demo_student_2_11_seed_demo_exam_5_seed_demo_question_5_5', 'seed_demo_submission_seed_demo_student_2_11_seed_demo_exam_5', 'seed_demo_question_5_5', 'seed_demo_question_5_5_choice_a', NULL, 1),
('seed_demo_answer_seed_demo_submission_seed_demo_student_2_11_seed_demo_exam_5_seed_demo_question_5_6', 'seed_demo_submission_seed_demo_student_2_11_seed_demo_exam_5', 'seed_demo_question_5_6', 'seed_demo_question_5_6_choice_b', NULL, 1),
('seed_demo_answer_seed_demo_submission_seed_demo_student_2_12_seed_demo_exam_1_seed_demo_question_1_1', 'seed_demo_submission_seed_demo_student_2_12_seed_demo_exam_1', 'seed_demo_question_1_1', 'seed_demo_question_1_1_choice_a', NULL, 1),
('seed_demo_answer_seed_demo_submission_seed_demo_student_2_12_seed_demo_exam_1_seed_demo_question_1_2', 'seed_demo_submission_seed_demo_student_2_12_seed_demo_exam_1', 'seed_demo_question_1_2', 'seed_demo_question_1_2_choice_b', NULL, 1),
('seed_demo_answer_seed_demo_submission_seed_demo_student_2_12_seed_demo_exam_1_seed_demo_question_1_3', 'seed_demo_submission_seed_demo_student_2_12_seed_demo_exam_1', 'seed_demo_question_1_3', 'seed_demo_question_1_3_choice_c', NULL, 1),
('seed_demo_answer_seed_demo_submission_seed_demo_student_2_12_seed_demo_exam_1_seed_demo_question_1_4', 'seed_demo_submission_seed_demo_student_2_12_seed_demo_exam_1', 'seed_demo_question_1_4', 'seed_demo_question_1_4_choice_d', NULL, 1),
('seed_demo_answer_seed_demo_submission_seed_demo_student_2_12_seed_demo_exam_1_seed_demo_question_1_5', 'seed_demo_submission_seed_demo_student_2_12_seed_demo_exam_1', 'seed_demo_question_1_5', 'seed_demo_question_1_5_choice_b', NULL, 0),
('seed_demo_answer_seed_demo_submission_seed_demo_student_2_12_seed_demo_exam_1_seed_demo_question_1_6', 'seed_demo_submission_seed_demo_student_2_12_seed_demo_exam_1', 'seed_demo_question_1_6', 'seed_demo_question_1_6_choice_d', NULL, 0),
('seed_demo_answer_seed_demo_submission_seed_demo_student_2_12_seed_demo_exam_2_seed_demo_question_2_1', 'seed_demo_submission_seed_demo_student_2_12_seed_demo_exam_2', 'seed_demo_question_2_1', 'seed_demo_question_2_1_choice_c', NULL, 0),
('seed_demo_answer_seed_demo_submission_seed_demo_student_2_12_seed_demo_exam_2_seed_demo_question_2_2', 'seed_demo_submission_seed_demo_student_2_12_seed_demo_exam_2', 'seed_demo_question_2_2', 'seed_demo_question_2_2_choice_a', NULL, 0),
('seed_demo_answer_seed_demo_submission_seed_demo_student_2_12_seed_demo_exam_2_seed_demo_question_2_3', 'seed_demo_submission_seed_demo_student_2_12_seed_demo_exam_2', 'seed_demo_question_2_3', 'seed_demo_question_2_3_choice_c', NULL, 0),
('seed_demo_answer_seed_demo_submission_seed_demo_student_2_12_seed_demo_exam_2_seed_demo_question_2_4', 'seed_demo_submission_seed_demo_student_2_12_seed_demo_exam_2', 'seed_demo_question_2_4', 'seed_demo_question_2_4_choice_b', NULL, 0),
('seed_demo_answer_seed_demo_submission_seed_demo_student_2_12_seed_demo_exam_2_seed_demo_question_2_5', 'seed_demo_submission_seed_demo_student_2_12_seed_demo_exam_2', 'seed_demo_question_2_5', 'seed_demo_question_2_5_choice_b', NULL, 1),
('seed_demo_answer_seed_demo_submission_seed_demo_student_2_12_seed_demo_exam_2_seed_demo_question_2_6', 'seed_demo_submission_seed_demo_student_2_12_seed_demo_exam_2', 'seed_demo_question_2_6', 'seed_demo_question_2_6_choice_c', NULL, 1),
('seed_demo_answer_seed_demo_submission_seed_demo_student_2_12_seed_demo_exam_3_seed_demo_question_3_1', 'seed_demo_submission_seed_demo_student_2_12_seed_demo_exam_3', 'seed_demo_question_3_1', 'seed_demo_question_3_1_choice_a', NULL, 0),
('seed_demo_answer_seed_demo_submission_seed_demo_student_2_12_seed_demo_exam_3_seed_demo_question_3_2', 'seed_demo_submission_seed_demo_student_2_12_seed_demo_exam_3', 'seed_demo_question_3_2', 'seed_demo_question_3_2_choice_c', NULL, 0),
('seed_demo_answer_seed_demo_submission_seed_demo_student_2_12_seed_demo_exam_3_seed_demo_question_3_3', 'seed_demo_submission_seed_demo_student_2_12_seed_demo_exam_3', 'seed_demo_question_3_3', 'seed_demo_question_3_3_choice_a', NULL, 1),
('seed_demo_answer_seed_demo_submission_seed_demo_student_2_12_seed_demo_exam_3_seed_demo_question_3_4', 'seed_demo_submission_seed_demo_student_2_12_seed_demo_exam_3', 'seed_demo_question_3_4', 'seed_demo_question_3_4_choice_b', NULL, 1),
('seed_demo_answer_seed_demo_submission_seed_demo_student_2_12_seed_demo_exam_3_seed_demo_question_3_5', 'seed_demo_submission_seed_demo_student_2_12_seed_demo_exam_3', 'seed_demo_question_3_5', 'seed_demo_question_3_5_choice_c', NULL, 1),
('seed_demo_answer_seed_demo_submission_seed_demo_student_2_12_seed_demo_exam_3_seed_demo_question_3_6', 'seed_demo_submission_seed_demo_student_2_12_seed_demo_exam_3', 'seed_demo_question_3_6', 'seed_demo_question_3_6_choice_d', NULL, 1),
('seed_demo_answer_seed_demo_submission_seed_demo_student_2_12_seed_demo_exam_4_seed_demo_question_4_1', 'seed_demo_submission_seed_demo_student_2_12_seed_demo_exam_4', 'seed_demo_question_4_1', 'seed_demo_question_4_1_choice_d', NULL, 1),
('seed_demo_answer_seed_demo_submission_seed_demo_student_2_12_seed_demo_exam_4_seed_demo_question_4_2', 'seed_demo_submission_seed_demo_student_2_12_seed_demo_exam_4', 'seed_demo_question_4_2', 'seed_demo_question_4_2_choice_a', NULL, 1),
('seed_demo_answer_seed_demo_submission_seed_demo_student_2_12_seed_demo_exam_4_seed_demo_question_4_3', 'seed_demo_submission_seed_demo_student_2_12_seed_demo_exam_4', 'seed_demo_question_4_3', 'seed_demo_question_4_3_choice_b', NULL, 1),
('seed_demo_answer_seed_demo_submission_seed_demo_student_2_12_seed_demo_exam_4_seed_demo_question_4_4', 'seed_demo_submission_seed_demo_student_2_12_seed_demo_exam_4', 'seed_demo_question_4_4', 'seed_demo_question_4_4_choice_c', NULL, 1),
('seed_demo_answer_seed_demo_submission_seed_demo_student_2_12_seed_demo_exam_4_seed_demo_question_4_5', 'seed_demo_submission_seed_demo_student_2_12_seed_demo_exam_4', 'seed_demo_question_4_5', 'seed_demo_question_4_5_choice_d', NULL, 1),
('seed_demo_answer_seed_demo_submission_seed_demo_student_2_12_seed_demo_exam_4_seed_demo_question_4_6', 'seed_demo_submission_seed_demo_student_2_12_seed_demo_exam_4', 'seed_demo_question_4_6', 'seed_demo_question_4_6_choice_a', NULL, 1),
('seed_demo_answer_seed_demo_submission_seed_demo_student_2_12_seed_demo_exam_5_seed_demo_question_5_1', 'seed_demo_submission_seed_demo_student_2_12_seed_demo_exam_5', 'seed_demo_question_5_1', 'seed_demo_question_5_1_choice_a', NULL, 1),
('seed_demo_answer_seed_demo_submission_seed_demo_student_2_12_seed_demo_exam_5_seed_demo_question_5_2', 'seed_demo_submission_seed_demo_student_2_12_seed_demo_exam_5', 'seed_demo_question_5_2', 'seed_demo_question_5_2_choice_b', NULL, 1),
('seed_demo_answer_seed_demo_submission_seed_demo_student_2_12_seed_demo_exam_5_seed_demo_question_5_3', 'seed_demo_submission_seed_demo_student_2_12_seed_demo_exam_5', 'seed_demo_question_5_3', 'seed_demo_question_5_3_choice_c', NULL, 1),
('seed_demo_answer_seed_demo_submission_seed_demo_student_2_12_seed_demo_exam_5_seed_demo_question_5_4', 'seed_demo_submission_seed_demo_student_2_12_seed_demo_exam_5', 'seed_demo_question_5_4', 'seed_demo_question_5_4_choice_d', NULL, 1),
('seed_demo_answer_seed_demo_submission_seed_demo_student_2_12_seed_demo_exam_5_seed_demo_question_5_5', 'seed_demo_submission_seed_demo_student_2_12_seed_demo_exam_5', 'seed_demo_question_5_5', 'seed_demo_question_5_5_choice_a', NULL, 1),
('seed_demo_answer_seed_demo_submission_seed_demo_student_2_12_seed_demo_exam_5_seed_demo_question_5_6', 'seed_demo_submission_seed_demo_student_2_12_seed_demo_exam_5', 'seed_demo_question_5_6', 'seed_demo_question_5_6_choice_b', NULL, 1);

INSERT INTO student_exam_answers (id, submissionId, questionId, selectedChoiceId, answerText, isCorrect) VALUES
('seed_demo_answer_seed_demo_submission_seed_demo_student_3_1_seed_demo_exam_1_seed_demo_question_1_1', 'seed_demo_submission_seed_demo_student_3_1_seed_demo_exam_1', 'seed_demo_question_1_1', 'seed_demo_question_1_1_choice_b', NULL, 0),
('seed_demo_answer_seed_demo_submission_seed_demo_student_3_1_seed_demo_exam_1_seed_demo_question_1_2', 'seed_demo_submission_seed_demo_student_3_1_seed_demo_exam_1', 'seed_demo_question_1_2', 'seed_demo_question_1_2_choice_d', NULL, 0),
('seed_demo_answer_seed_demo_submission_seed_demo_student_3_1_seed_demo_exam_1_seed_demo_question_1_3', 'seed_demo_submission_seed_demo_student_3_1_seed_demo_exam_1', 'seed_demo_question_1_3', 'seed_demo_question_1_3_choice_b', NULL, 0),
('seed_demo_answer_seed_demo_submission_seed_demo_student_3_1_seed_demo_exam_1_seed_demo_question_1_4', 'seed_demo_submission_seed_demo_student_3_1_seed_demo_exam_1', 'seed_demo_question_1_4', 'seed_demo_question_1_4_choice_d', NULL, 1),
('seed_demo_answer_seed_demo_submission_seed_demo_student_3_1_seed_demo_exam_1_seed_demo_question_1_5', 'seed_demo_submission_seed_demo_student_3_1_seed_demo_exam_1', 'seed_demo_question_1_5', 'seed_demo_question_1_5_choice_a', NULL, 1),
('seed_demo_answer_seed_demo_submission_seed_demo_student_3_1_seed_demo_exam_1_seed_demo_question_1_6', 'seed_demo_submission_seed_demo_student_3_1_seed_demo_exam_1', 'seed_demo_question_1_6', 'seed_demo_question_1_6_choice_b', NULL, 1),
('seed_demo_answer_seed_demo_submission_seed_demo_student_3_1_seed_demo_exam_2_seed_demo_question_2_1', 'seed_demo_submission_seed_demo_student_3_1_seed_demo_exam_2', 'seed_demo_question_2_1', 'seed_demo_question_2_1_choice_d', NULL, 0),
('seed_demo_answer_seed_demo_submission_seed_demo_student_3_1_seed_demo_exam_2_seed_demo_question_2_2', 'seed_demo_submission_seed_demo_student_3_1_seed_demo_exam_2', 'seed_demo_question_2_2', 'seed_demo_question_2_2_choice_b', NULL, 0),
('seed_demo_answer_seed_demo_submission_seed_demo_student_3_1_seed_demo_exam_2_seed_demo_question_2_3', 'seed_demo_submission_seed_demo_student_3_1_seed_demo_exam_2', 'seed_demo_question_2_3', 'seed_demo_question_2_3_choice_d', NULL, 1),
('seed_demo_answer_seed_demo_submission_seed_demo_student_3_1_seed_demo_exam_2_seed_demo_question_2_4', 'seed_demo_submission_seed_demo_student_3_1_seed_demo_exam_2', 'seed_demo_question_2_4', 'seed_demo_question_2_4_choice_a', NULL, 1),
('seed_demo_answer_seed_demo_submission_seed_demo_student_3_1_seed_demo_exam_2_seed_demo_question_2_5', 'seed_demo_submission_seed_demo_student_3_1_seed_demo_exam_2', 'seed_demo_question_2_5', 'seed_demo_question_2_5_choice_b', NULL, 1),
('seed_demo_answer_seed_demo_submission_seed_demo_student_3_1_seed_demo_exam_2_seed_demo_question_2_6', 'seed_demo_submission_seed_demo_student_3_1_seed_demo_exam_2', 'seed_demo_question_2_6', 'seed_demo_question_2_6_choice_c', NULL, 1),
('seed_demo_answer_seed_demo_submission_seed_demo_student_3_1_seed_demo_exam_3_seed_demo_question_3_1', 'seed_demo_submission_seed_demo_student_3_1_seed_demo_exam_3', 'seed_demo_question_3_1', 'seed_demo_question_3_1_choice_c', NULL, 1),
('seed_demo_answer_seed_demo_submission_seed_demo_student_3_1_seed_demo_exam_3_seed_demo_question_3_2', 'seed_demo_submission_seed_demo_student_3_1_seed_demo_exam_3', 'seed_demo_question_3_2', 'seed_demo_question_3_2_choice_d', NULL, 1),
('seed_demo_answer_seed_demo_submission_seed_demo_student_3_1_seed_demo_exam_3_seed_demo_question_3_3', 'seed_demo_submission_seed_demo_student_3_1_seed_demo_exam_3', 'seed_demo_question_3_3', 'seed_demo_question_3_3_choice_a', NULL, 1),
('seed_demo_answer_seed_demo_submission_seed_demo_student_3_1_seed_demo_exam_3_seed_demo_question_3_4', 'seed_demo_submission_seed_demo_student_3_1_seed_demo_exam_3', 'seed_demo_question_3_4', 'seed_demo_question_3_4_choice_b', NULL, 1),
('seed_demo_answer_seed_demo_submission_seed_demo_student_3_1_seed_demo_exam_3_seed_demo_question_3_5', 'seed_demo_submission_seed_demo_student_3_1_seed_demo_exam_3', 'seed_demo_question_3_5', 'seed_demo_question_3_5_choice_c', NULL, 1),
('seed_demo_answer_seed_demo_submission_seed_demo_student_3_1_seed_demo_exam_3_seed_demo_question_3_6', 'seed_demo_submission_seed_demo_student_3_1_seed_demo_exam_3', 'seed_demo_question_3_6', 'seed_demo_question_3_6_choice_d', NULL, 1),
('seed_demo_answer_seed_demo_submission_seed_demo_student_3_1_seed_demo_exam_4_seed_demo_question_4_1', 'seed_demo_submission_seed_demo_student_3_1_seed_demo_exam_4', 'seed_demo_question_4_1', 'seed_demo_question_4_1_choice_d', NULL, 1),
('seed_demo_answer_seed_demo_submission_seed_demo_student_3_1_seed_demo_exam_4_seed_demo_question_4_2', 'seed_demo_submission_seed_demo_student_3_1_seed_demo_exam_4', 'seed_demo_question_4_2', 'seed_demo_question_4_2_choice_a', NULL, 1),
('seed_demo_answer_seed_demo_submission_seed_demo_student_3_1_seed_demo_exam_4_seed_demo_question_4_3', 'seed_demo_submission_seed_demo_student_3_1_seed_demo_exam_4', 'seed_demo_question_4_3', 'seed_demo_question_4_3_choice_b', NULL, 1),
('seed_demo_answer_seed_demo_submission_seed_demo_student_3_1_seed_demo_exam_4_seed_demo_question_4_4', 'seed_demo_submission_seed_demo_student_3_1_seed_demo_exam_4', 'seed_demo_question_4_4', 'seed_demo_question_4_4_choice_c', NULL, 1),
('seed_demo_answer_seed_demo_submission_seed_demo_student_3_1_seed_demo_exam_4_seed_demo_question_4_5', 'seed_demo_submission_seed_demo_student_3_1_seed_demo_exam_4', 'seed_demo_question_4_5', 'seed_demo_question_4_5_choice_d', NULL, 1),
('seed_demo_answer_seed_demo_submission_seed_demo_student_3_1_seed_demo_exam_4_seed_demo_question_4_6', 'seed_demo_submission_seed_demo_student_3_1_seed_demo_exam_4', 'seed_demo_question_4_6', 'seed_demo_question_4_6_choice_a', NULL, 1),
('seed_demo_answer_seed_demo_submission_seed_demo_student_3_1_seed_demo_exam_5_seed_demo_question_5_1', 'seed_demo_submission_seed_demo_student_3_1_seed_demo_exam_5', 'seed_demo_question_5_1', 'seed_demo_question_5_1_choice_a', NULL, 1),
('seed_demo_answer_seed_demo_submission_seed_demo_student_3_1_seed_demo_exam_5_seed_demo_question_5_2', 'seed_demo_submission_seed_demo_student_3_1_seed_demo_exam_5', 'seed_demo_question_5_2', 'seed_demo_question_5_2_choice_b', NULL, 1),
('seed_demo_answer_seed_demo_submission_seed_demo_student_3_1_seed_demo_exam_5_seed_demo_question_5_3', 'seed_demo_submission_seed_demo_student_3_1_seed_demo_exam_5', 'seed_demo_question_5_3', 'seed_demo_question_5_3_choice_c', NULL, 1),
('seed_demo_answer_seed_demo_submission_seed_demo_student_3_1_seed_demo_exam_5_seed_demo_question_5_4', 'seed_demo_submission_seed_demo_student_3_1_seed_demo_exam_5', 'seed_demo_question_5_4', 'seed_demo_question_5_4_choice_d', NULL, 1),
('seed_demo_answer_seed_demo_submission_seed_demo_student_3_1_seed_demo_exam_5_seed_demo_question_5_5', 'seed_demo_submission_seed_demo_student_3_1_seed_demo_exam_5', 'seed_demo_question_5_5', 'seed_demo_question_5_5_choice_a', NULL, 1),
('seed_demo_answer_seed_demo_submission_seed_demo_student_3_1_seed_demo_exam_5_seed_demo_question_5_6', 'seed_demo_submission_seed_demo_student_3_1_seed_demo_exam_5', 'seed_demo_question_5_6', 'seed_demo_question_5_6_choice_b', NULL, 1),
('seed_demo_answer_seed_demo_submission_seed_demo_student_3_2_seed_demo_exam_1_seed_demo_question_1_1', 'seed_demo_submission_seed_demo_student_3_2_seed_demo_exam_1', 'seed_demo_question_1_1', 'seed_demo_question_1_1_choice_c', NULL, 0),
('seed_demo_answer_seed_demo_submission_seed_demo_student_3_2_seed_demo_exam_1_seed_demo_question_1_2', 'seed_demo_submission_seed_demo_student_3_2_seed_demo_exam_1', 'seed_demo_question_1_2', 'seed_demo_question_1_2_choice_b', NULL, 1),
('seed_demo_answer_seed_demo_submission_seed_demo_student_3_2_seed_demo_exam_1_seed_demo_question_1_3', 'seed_demo_submission_seed_demo_student_3_2_seed_demo_exam_1', 'seed_demo_question_1_3', 'seed_demo_question_1_3_choice_c', NULL, 1),
('seed_demo_answer_seed_demo_submission_seed_demo_student_3_2_seed_demo_exam_1_seed_demo_question_1_4', 'seed_demo_submission_seed_demo_student_3_2_seed_demo_exam_1', 'seed_demo_question_1_4', 'seed_demo_question_1_4_choice_d', NULL, 1),
('seed_demo_answer_seed_demo_submission_seed_demo_student_3_2_seed_demo_exam_1_seed_demo_question_1_5', 'seed_demo_submission_seed_demo_student_3_2_seed_demo_exam_1', 'seed_demo_question_1_5', 'seed_demo_question_1_5_choice_a', NULL, 1),
('seed_demo_answer_seed_demo_submission_seed_demo_student_3_2_seed_demo_exam_1_seed_demo_question_1_6', 'seed_demo_submission_seed_demo_student_3_2_seed_demo_exam_1', 'seed_demo_question_1_6', 'seed_demo_question_1_6_choice_b', NULL, 1),
('seed_demo_answer_seed_demo_submission_seed_demo_student_3_2_seed_demo_exam_2_seed_demo_question_2_1', 'seed_demo_submission_seed_demo_student_3_2_seed_demo_exam_2', 'seed_demo_question_2_1', 'seed_demo_question_2_1_choice_b', NULL, 1),
('seed_demo_answer_seed_demo_submission_seed_demo_student_3_2_seed_demo_exam_2_seed_demo_question_2_2', 'seed_demo_submission_seed_demo_student_3_2_seed_demo_exam_2', 'seed_demo_question_2_2', 'seed_demo_question_2_2_choice_c', NULL, 1),
('seed_demo_answer_seed_demo_submission_seed_demo_student_3_2_seed_demo_exam_2_seed_demo_question_2_3', 'seed_demo_submission_seed_demo_student_3_2_seed_demo_exam_2', 'seed_demo_question_2_3', 'seed_demo_question_2_3_choice_d', NULL, 1),
('seed_demo_answer_seed_demo_submission_seed_demo_student_3_2_seed_demo_exam_2_seed_demo_question_2_4', 'seed_demo_submission_seed_demo_student_3_2_seed_demo_exam_2', 'seed_demo_question_2_4', 'seed_demo_question_2_4_choice_a', NULL, 1),
('seed_demo_answer_seed_demo_submission_seed_demo_student_3_2_seed_demo_exam_2_seed_demo_question_2_5', 'seed_demo_submission_seed_demo_student_3_2_seed_demo_exam_2', 'seed_demo_question_2_5', 'seed_demo_question_2_5_choice_b', NULL, 1),
('seed_demo_answer_seed_demo_submission_seed_demo_student_3_2_seed_demo_exam_2_seed_demo_question_2_6', 'seed_demo_submission_seed_demo_student_3_2_seed_demo_exam_2', 'seed_demo_question_2_6', 'seed_demo_question_2_6_choice_c', NULL, 1),
('seed_demo_answer_seed_demo_submission_seed_demo_student_3_2_seed_demo_exam_3_seed_demo_question_3_1', 'seed_demo_submission_seed_demo_student_3_2_seed_demo_exam_3', 'seed_demo_question_3_1', 'seed_demo_question_3_1_choice_c', NULL, 1),
('seed_demo_answer_seed_demo_submission_seed_demo_student_3_2_seed_demo_exam_3_seed_demo_question_3_2', 'seed_demo_submission_seed_demo_student_3_2_seed_demo_exam_3', 'seed_demo_question_3_2', 'seed_demo_question_3_2_choice_d', NULL, 1),
('seed_demo_answer_seed_demo_submission_seed_demo_student_3_2_seed_demo_exam_3_seed_demo_question_3_3', 'seed_demo_submission_seed_demo_student_3_2_seed_demo_exam_3', 'seed_demo_question_3_3', 'seed_demo_question_3_3_choice_a', NULL, 1),
('seed_demo_answer_seed_demo_submission_seed_demo_student_3_2_seed_demo_exam_3_seed_demo_question_3_4', 'seed_demo_submission_seed_demo_student_3_2_seed_demo_exam_3', 'seed_demo_question_3_4', 'seed_demo_question_3_4_choice_b', NULL, 1),
('seed_demo_answer_seed_demo_submission_seed_demo_student_3_2_seed_demo_exam_3_seed_demo_question_3_5', 'seed_demo_submission_seed_demo_student_3_2_seed_demo_exam_3', 'seed_demo_question_3_5', 'seed_demo_question_3_5_choice_c', NULL, 1),
('seed_demo_answer_seed_demo_submission_seed_demo_student_3_2_seed_demo_exam_3_seed_demo_question_3_6', 'seed_demo_submission_seed_demo_student_3_2_seed_demo_exam_3', 'seed_demo_question_3_6', 'seed_demo_question_3_6_choice_d', NULL, 1),
('seed_demo_answer_seed_demo_submission_seed_demo_student_3_2_seed_demo_exam_4_seed_demo_question_4_1', 'seed_demo_submission_seed_demo_student_3_2_seed_demo_exam_4', 'seed_demo_question_4_1', 'seed_demo_question_4_1_choice_d', NULL, 1),
('seed_demo_answer_seed_demo_submission_seed_demo_student_3_2_seed_demo_exam_4_seed_demo_question_4_2', 'seed_demo_submission_seed_demo_student_3_2_seed_demo_exam_4', 'seed_demo_question_4_2', 'seed_demo_question_4_2_choice_a', NULL, 1),
('seed_demo_answer_seed_demo_submission_seed_demo_student_3_2_seed_demo_exam_4_seed_demo_question_4_3', 'seed_demo_submission_seed_demo_student_3_2_seed_demo_exam_4', 'seed_demo_question_4_3', 'seed_demo_question_4_3_choice_b', NULL, 1),
('seed_demo_answer_seed_demo_submission_seed_demo_student_3_2_seed_demo_exam_4_seed_demo_question_4_4', 'seed_demo_submission_seed_demo_student_3_2_seed_demo_exam_4', 'seed_demo_question_4_4', 'seed_demo_question_4_4_choice_c', NULL, 1),
('seed_demo_answer_seed_demo_submission_seed_demo_student_3_2_seed_demo_exam_4_seed_demo_question_4_5', 'seed_demo_submission_seed_demo_student_3_2_seed_demo_exam_4', 'seed_demo_question_4_5', 'seed_demo_question_4_5_choice_d', NULL, 1),
('seed_demo_answer_seed_demo_submission_seed_demo_student_3_2_seed_demo_exam_4_seed_demo_question_4_6', 'seed_demo_submission_seed_demo_student_3_2_seed_demo_exam_4', 'seed_demo_question_4_6', 'seed_demo_question_4_6_choice_a', NULL, 1),
('seed_demo_answer_seed_demo_submission_seed_demo_student_3_2_seed_demo_exam_5_seed_demo_question_5_1', 'seed_demo_submission_seed_demo_student_3_2_seed_demo_exam_5', 'seed_demo_question_5_1', 'seed_demo_question_5_1_choice_a', NULL, 1),
('seed_demo_answer_seed_demo_submission_seed_demo_student_3_2_seed_demo_exam_5_seed_demo_question_5_2', 'seed_demo_submission_seed_demo_student_3_2_seed_demo_exam_5', 'seed_demo_question_5_2', 'seed_demo_question_5_2_choice_b', NULL, 1),
('seed_demo_answer_seed_demo_submission_seed_demo_student_3_2_seed_demo_exam_5_seed_demo_question_5_3', 'seed_demo_submission_seed_demo_student_3_2_seed_demo_exam_5', 'seed_demo_question_5_3', 'seed_demo_question_5_3_choice_c', NULL, 1),
('seed_demo_answer_seed_demo_submission_seed_demo_student_3_2_seed_demo_exam_5_seed_demo_question_5_4', 'seed_demo_submission_seed_demo_student_3_2_seed_demo_exam_5', 'seed_demo_question_5_4', 'seed_demo_question_5_4_choice_d', NULL, 1),
('seed_demo_answer_seed_demo_submission_seed_demo_student_3_2_seed_demo_exam_5_seed_demo_question_5_5', 'seed_demo_submission_seed_demo_student_3_2_seed_demo_exam_5', 'seed_demo_question_5_5', 'seed_demo_question_5_5_choice_a', NULL, 1),
('seed_demo_answer_seed_demo_submission_seed_demo_student_3_2_seed_demo_exam_5_seed_demo_question_5_6', 'seed_demo_submission_seed_demo_student_3_2_seed_demo_exam_5', 'seed_demo_question_5_6', 'seed_demo_question_5_6_choice_b', NULL, 1),
('seed_demo_answer_seed_demo_submission_seed_demo_student_3_3_seed_demo_exam_1_seed_demo_question_1_1', 'seed_demo_submission_seed_demo_student_3_3_seed_demo_exam_1', 'seed_demo_question_1_1', 'seed_demo_question_1_1_choice_a', NULL, 1),
('seed_demo_answer_seed_demo_submission_seed_demo_student_3_3_seed_demo_exam_1_seed_demo_question_1_2', 'seed_demo_submission_seed_demo_student_3_3_seed_demo_exam_1', 'seed_demo_question_1_2', 'seed_demo_question_1_2_choice_b', NULL, 1),
('seed_demo_answer_seed_demo_submission_seed_demo_student_3_3_seed_demo_exam_1_seed_demo_question_1_3', 'seed_demo_submission_seed_demo_student_3_3_seed_demo_exam_1', 'seed_demo_question_1_3', 'seed_demo_question_1_3_choice_c', NULL, 1),
('seed_demo_answer_seed_demo_submission_seed_demo_student_3_3_seed_demo_exam_1_seed_demo_question_1_4', 'seed_demo_submission_seed_demo_student_3_3_seed_demo_exam_1', 'seed_demo_question_1_4', 'seed_demo_question_1_4_choice_d', NULL, 1),
('seed_demo_answer_seed_demo_submission_seed_demo_student_3_3_seed_demo_exam_1_seed_demo_question_1_5', 'seed_demo_submission_seed_demo_student_3_3_seed_demo_exam_1', 'seed_demo_question_1_5', 'seed_demo_question_1_5_choice_a', NULL, 1),
('seed_demo_answer_seed_demo_submission_seed_demo_student_3_3_seed_demo_exam_1_seed_demo_question_1_6', 'seed_demo_submission_seed_demo_student_3_3_seed_demo_exam_1', 'seed_demo_question_1_6', 'seed_demo_question_1_6_choice_b', NULL, 1),
('seed_demo_answer_seed_demo_submission_seed_demo_student_3_3_seed_demo_exam_2_seed_demo_question_2_1', 'seed_demo_submission_seed_demo_student_3_3_seed_demo_exam_2', 'seed_demo_question_2_1', 'seed_demo_question_2_1_choice_b', NULL, 1),
('seed_demo_answer_seed_demo_submission_seed_demo_student_3_3_seed_demo_exam_2_seed_demo_question_2_2', 'seed_demo_submission_seed_demo_student_3_3_seed_demo_exam_2', 'seed_demo_question_2_2', 'seed_demo_question_2_2_choice_c', NULL, 1),
('seed_demo_answer_seed_demo_submission_seed_demo_student_3_3_seed_demo_exam_2_seed_demo_question_2_3', 'seed_demo_submission_seed_demo_student_3_3_seed_demo_exam_2', 'seed_demo_question_2_3', 'seed_demo_question_2_3_choice_d', NULL, 1),
('seed_demo_answer_seed_demo_submission_seed_demo_student_3_3_seed_demo_exam_2_seed_demo_question_2_4', 'seed_demo_submission_seed_demo_student_3_3_seed_demo_exam_2', 'seed_demo_question_2_4', 'seed_demo_question_2_4_choice_a', NULL, 1),
('seed_demo_answer_seed_demo_submission_seed_demo_student_3_3_seed_demo_exam_2_seed_demo_question_2_5', 'seed_demo_submission_seed_demo_student_3_3_seed_demo_exam_2', 'seed_demo_question_2_5', 'seed_demo_question_2_5_choice_b', NULL, 1),
('seed_demo_answer_seed_demo_submission_seed_demo_student_3_3_seed_demo_exam_2_seed_demo_question_2_6', 'seed_demo_submission_seed_demo_student_3_3_seed_demo_exam_2', 'seed_demo_question_2_6', 'seed_demo_question_2_6_choice_c', NULL, 1),
('seed_demo_answer_seed_demo_submission_seed_demo_student_3_3_seed_demo_exam_3_seed_demo_question_3_1', 'seed_demo_submission_seed_demo_student_3_3_seed_demo_exam_3', 'seed_demo_question_3_1', 'seed_demo_question_3_1_choice_c', NULL, 1),
('seed_demo_answer_seed_demo_submission_seed_demo_student_3_3_seed_demo_exam_3_seed_demo_question_3_2', 'seed_demo_submission_seed_demo_student_3_3_seed_demo_exam_3', 'seed_demo_question_3_2', 'seed_demo_question_3_2_choice_d', NULL, 1),
('seed_demo_answer_seed_demo_submission_seed_demo_student_3_3_seed_demo_exam_3_seed_demo_question_3_3', 'seed_demo_submission_seed_demo_student_3_3_seed_demo_exam_3', 'seed_demo_question_3_3', 'seed_demo_question_3_3_choice_a', NULL, 1),
('seed_demo_answer_seed_demo_submission_seed_demo_student_3_3_seed_demo_exam_3_seed_demo_question_3_4', 'seed_demo_submission_seed_demo_student_3_3_seed_demo_exam_3', 'seed_demo_question_3_4', 'seed_demo_question_3_4_choice_b', NULL, 1),
('seed_demo_answer_seed_demo_submission_seed_demo_student_3_3_seed_demo_exam_3_seed_demo_question_3_5', 'seed_demo_submission_seed_demo_student_3_3_seed_demo_exam_3', 'seed_demo_question_3_5', 'seed_demo_question_3_5_choice_c', NULL, 1),
('seed_demo_answer_seed_demo_submission_seed_demo_student_3_3_seed_demo_exam_3_seed_demo_question_3_6', 'seed_demo_submission_seed_demo_student_3_3_seed_demo_exam_3', 'seed_demo_question_3_6', 'seed_demo_question_3_6_choice_d', NULL, 1),
('seed_demo_answer_seed_demo_submission_seed_demo_student_3_3_seed_demo_exam_4_seed_demo_question_4_1', 'seed_demo_submission_seed_demo_student_3_3_seed_demo_exam_4', 'seed_demo_question_4_1', 'seed_demo_question_4_1_choice_d', NULL, 1),
('seed_demo_answer_seed_demo_submission_seed_demo_student_3_3_seed_demo_exam_4_seed_demo_question_4_2', 'seed_demo_submission_seed_demo_student_3_3_seed_demo_exam_4', 'seed_demo_question_4_2', 'seed_demo_question_4_2_choice_a', NULL, 1);

INSERT INTO student_exam_answers (id, submissionId, questionId, selectedChoiceId, answerText, isCorrect) VALUES
('seed_demo_answer_seed_demo_submission_seed_demo_student_3_3_seed_demo_exam_4_seed_demo_question_4_3', 'seed_demo_submission_seed_demo_student_3_3_seed_demo_exam_4', 'seed_demo_question_4_3', 'seed_demo_question_4_3_choice_b', NULL, 1),
('seed_demo_answer_seed_demo_submission_seed_demo_student_3_3_seed_demo_exam_4_seed_demo_question_4_4', 'seed_demo_submission_seed_demo_student_3_3_seed_demo_exam_4', 'seed_demo_question_4_4', 'seed_demo_question_4_4_choice_c', NULL, 1),
('seed_demo_answer_seed_demo_submission_seed_demo_student_3_3_seed_demo_exam_4_seed_demo_question_4_5', 'seed_demo_submission_seed_demo_student_3_3_seed_demo_exam_4', 'seed_demo_question_4_5', 'seed_demo_question_4_5_choice_d', NULL, 1),
('seed_demo_answer_seed_demo_submission_seed_demo_student_3_3_seed_demo_exam_4_seed_demo_question_4_6', 'seed_demo_submission_seed_demo_student_3_3_seed_demo_exam_4', 'seed_demo_question_4_6', 'seed_demo_question_4_6_choice_a', NULL, 1),
('seed_demo_answer_seed_demo_submission_seed_demo_student_3_3_seed_demo_exam_5_seed_demo_question_5_1', 'seed_demo_submission_seed_demo_student_3_3_seed_demo_exam_5', 'seed_demo_question_5_1', 'seed_demo_question_5_1_choice_b', NULL, 0),
('seed_demo_answer_seed_demo_submission_seed_demo_student_3_3_seed_demo_exam_5_seed_demo_question_5_2', 'seed_demo_submission_seed_demo_student_3_3_seed_demo_exam_5', 'seed_demo_question_5_2', 'seed_demo_question_5_2_choice_d', NULL, 0),
('seed_demo_answer_seed_demo_submission_seed_demo_student_3_3_seed_demo_exam_5_seed_demo_question_5_3', 'seed_demo_submission_seed_demo_student_3_3_seed_demo_exam_5', 'seed_demo_question_5_3', 'seed_demo_question_5_3_choice_b', NULL, 0),
('seed_demo_answer_seed_demo_submission_seed_demo_student_3_3_seed_demo_exam_5_seed_demo_question_5_4', 'seed_demo_submission_seed_demo_student_3_3_seed_demo_exam_5', 'seed_demo_question_5_4', 'seed_demo_question_5_4_choice_a', NULL, 0),
('seed_demo_answer_seed_demo_submission_seed_demo_student_3_3_seed_demo_exam_5_seed_demo_question_5_5', 'seed_demo_submission_seed_demo_student_3_3_seed_demo_exam_5', 'seed_demo_question_5_5', 'seed_demo_question_5_5_choice_c', NULL, 0),
('seed_demo_answer_seed_demo_submission_seed_demo_student_3_3_seed_demo_exam_5_seed_demo_question_5_6', 'seed_demo_submission_seed_demo_student_3_3_seed_demo_exam_5', 'seed_demo_question_5_6', 'seed_demo_question_5_6_choice_b', NULL, 1),
('seed_demo_answer_seed_demo_submission_seed_demo_student_3_4_seed_demo_exam_1_seed_demo_question_1_1', 'seed_demo_submission_seed_demo_student_3_4_seed_demo_exam_1', 'seed_demo_question_1_1', 'seed_demo_question_1_1_choice_a', NULL, 1),
('seed_demo_answer_seed_demo_submission_seed_demo_student_3_4_seed_demo_exam_1_seed_demo_question_1_2', 'seed_demo_submission_seed_demo_student_3_4_seed_demo_exam_1', 'seed_demo_question_1_2', 'seed_demo_question_1_2_choice_b', NULL, 1),
('seed_demo_answer_seed_demo_submission_seed_demo_student_3_4_seed_demo_exam_1_seed_demo_question_1_3', 'seed_demo_submission_seed_demo_student_3_4_seed_demo_exam_1', 'seed_demo_question_1_3', 'seed_demo_question_1_3_choice_c', NULL, 1),
('seed_demo_answer_seed_demo_submission_seed_demo_student_3_4_seed_demo_exam_1_seed_demo_question_1_4', 'seed_demo_submission_seed_demo_student_3_4_seed_demo_exam_1', 'seed_demo_question_1_4', 'seed_demo_question_1_4_choice_d', NULL, 1),
('seed_demo_answer_seed_demo_submission_seed_demo_student_3_4_seed_demo_exam_1_seed_demo_question_1_5', 'seed_demo_submission_seed_demo_student_3_4_seed_demo_exam_1', 'seed_demo_question_1_5', 'seed_demo_question_1_5_choice_a', NULL, 1),
('seed_demo_answer_seed_demo_submission_seed_demo_student_3_4_seed_demo_exam_1_seed_demo_question_1_6', 'seed_demo_submission_seed_demo_student_3_4_seed_demo_exam_1', 'seed_demo_question_1_6', 'seed_demo_question_1_6_choice_a', NULL, 0),
('seed_demo_answer_seed_demo_submission_seed_demo_student_3_4_seed_demo_exam_2_seed_demo_question_2_1', 'seed_demo_submission_seed_demo_student_3_4_seed_demo_exam_2', 'seed_demo_question_2_1', 'seed_demo_question_2_1_choice_b', NULL, 1),
('seed_demo_answer_seed_demo_submission_seed_demo_student_3_4_seed_demo_exam_2_seed_demo_question_2_2', 'seed_demo_submission_seed_demo_student_3_4_seed_demo_exam_2', 'seed_demo_question_2_2', 'seed_demo_question_2_2_choice_c', NULL, 1),
('seed_demo_answer_seed_demo_submission_seed_demo_student_3_4_seed_demo_exam_2_seed_demo_question_2_3', 'seed_demo_submission_seed_demo_student_3_4_seed_demo_exam_2', 'seed_demo_question_2_3', 'seed_demo_question_2_3_choice_d', NULL, 1),
('seed_demo_answer_seed_demo_submission_seed_demo_student_3_4_seed_demo_exam_2_seed_demo_question_2_4', 'seed_demo_submission_seed_demo_student_3_4_seed_demo_exam_2', 'seed_demo_question_2_4', 'seed_demo_question_2_4_choice_a', NULL, 1),
('seed_demo_answer_seed_demo_submission_seed_demo_student_3_4_seed_demo_exam_2_seed_demo_question_2_5', 'seed_demo_submission_seed_demo_student_3_4_seed_demo_exam_2', 'seed_demo_question_2_5', 'seed_demo_question_2_5_choice_b', NULL, 1),
('seed_demo_answer_seed_demo_submission_seed_demo_student_3_4_seed_demo_exam_2_seed_demo_question_2_6', 'seed_demo_submission_seed_demo_student_3_4_seed_demo_exam_2', 'seed_demo_question_2_6', 'seed_demo_question_2_6_choice_d', NULL, 0),
('seed_demo_answer_seed_demo_submission_seed_demo_student_3_4_seed_demo_exam_3_seed_demo_question_3_1', 'seed_demo_submission_seed_demo_student_3_4_seed_demo_exam_3', 'seed_demo_question_3_1', 'seed_demo_question_3_1_choice_c', NULL, 1),
('seed_demo_answer_seed_demo_submission_seed_demo_student_3_4_seed_demo_exam_3_seed_demo_question_3_2', 'seed_demo_submission_seed_demo_student_3_4_seed_demo_exam_3', 'seed_demo_question_3_2', 'seed_demo_question_3_2_choice_d', NULL, 1),
('seed_demo_answer_seed_demo_submission_seed_demo_student_3_4_seed_demo_exam_3_seed_demo_question_3_3', 'seed_demo_submission_seed_demo_student_3_4_seed_demo_exam_3', 'seed_demo_question_3_3', 'seed_demo_question_3_3_choice_a', NULL, 1),
('seed_demo_answer_seed_demo_submission_seed_demo_student_3_4_seed_demo_exam_3_seed_demo_question_3_4', 'seed_demo_submission_seed_demo_student_3_4_seed_demo_exam_3', 'seed_demo_question_3_4', 'seed_demo_question_3_4_choice_b', NULL, 1),
('seed_demo_answer_seed_demo_submission_seed_demo_student_3_4_seed_demo_exam_3_seed_demo_question_3_5', 'seed_demo_submission_seed_demo_student_3_4_seed_demo_exam_3', 'seed_demo_question_3_5', 'seed_demo_question_3_5_choice_c', NULL, 1),
('seed_demo_answer_seed_demo_submission_seed_demo_student_3_4_seed_demo_exam_3_seed_demo_question_3_6', 'seed_demo_submission_seed_demo_student_3_4_seed_demo_exam_3', 'seed_demo_question_3_6', 'seed_demo_question_3_6_choice_b', NULL, 0),
('seed_demo_answer_seed_demo_submission_seed_demo_student_3_4_seed_demo_exam_4_seed_demo_question_4_1', 'seed_demo_submission_seed_demo_student_3_4_seed_demo_exam_4', 'seed_demo_question_4_1', 'seed_demo_question_4_1_choice_a', NULL, 0),
('seed_demo_answer_seed_demo_submission_seed_demo_student_3_4_seed_demo_exam_4_seed_demo_question_4_2', 'seed_demo_submission_seed_demo_student_3_4_seed_demo_exam_4', 'seed_demo_question_4_2', 'seed_demo_question_4_2_choice_c', NULL, 0),
('seed_demo_answer_seed_demo_submission_seed_demo_student_3_4_seed_demo_exam_4_seed_demo_question_4_3', 'seed_demo_submission_seed_demo_student_3_4_seed_demo_exam_4', 'seed_demo_question_4_3', 'seed_demo_question_4_3_choice_a', NULL, 0),
('seed_demo_answer_seed_demo_submission_seed_demo_student_3_4_seed_demo_exam_4_seed_demo_question_4_4', 'seed_demo_submission_seed_demo_student_3_4_seed_demo_exam_4', 'seed_demo_question_4_4', 'seed_demo_question_4_4_choice_d', NULL, 0),
('seed_demo_answer_seed_demo_submission_seed_demo_student_3_4_seed_demo_exam_4_seed_demo_question_4_5', 'seed_demo_submission_seed_demo_student_3_4_seed_demo_exam_4', 'seed_demo_question_4_5', 'seed_demo_question_4_5_choice_b', NULL, 0),
('seed_demo_answer_seed_demo_submission_seed_demo_student_3_4_seed_demo_exam_4_seed_demo_question_4_6', 'seed_demo_submission_seed_demo_student_3_4_seed_demo_exam_4', 'seed_demo_question_4_6', 'seed_demo_question_4_6_choice_a', NULL, 1),
('seed_demo_answer_seed_demo_submission_seed_demo_student_3_4_seed_demo_exam_5_seed_demo_question_5_1', 'seed_demo_submission_seed_demo_student_3_4_seed_demo_exam_5', 'seed_demo_question_5_1', 'seed_demo_question_5_1_choice_c', NULL, 0),
('seed_demo_answer_seed_demo_submission_seed_demo_student_3_4_seed_demo_exam_5_seed_demo_question_5_2', 'seed_demo_submission_seed_demo_student_3_4_seed_demo_exam_5', 'seed_demo_question_5_2', 'seed_demo_question_5_2_choice_a', NULL, 0),
('seed_demo_answer_seed_demo_submission_seed_demo_student_3_4_seed_demo_exam_5_seed_demo_question_5_3', 'seed_demo_submission_seed_demo_student_3_4_seed_demo_exam_5', 'seed_demo_question_5_3', 'seed_demo_question_5_3_choice_d', NULL, 0),
('seed_demo_answer_seed_demo_submission_seed_demo_student_3_4_seed_demo_exam_5_seed_demo_question_5_4', 'seed_demo_submission_seed_demo_student_3_4_seed_demo_exam_5', 'seed_demo_question_5_4', 'seed_demo_question_5_4_choice_d', NULL, 1),
('seed_demo_answer_seed_demo_submission_seed_demo_student_3_4_seed_demo_exam_5_seed_demo_question_5_5', 'seed_demo_submission_seed_demo_student_3_4_seed_demo_exam_5', 'seed_demo_question_5_5', 'seed_demo_question_5_5_choice_a', NULL, 1),
('seed_demo_answer_seed_demo_submission_seed_demo_student_3_4_seed_demo_exam_5_seed_demo_question_5_6', 'seed_demo_submission_seed_demo_student_3_4_seed_demo_exam_5', 'seed_demo_question_5_6', 'seed_demo_question_5_6_choice_b', NULL, 1),
('seed_demo_answer_seed_demo_submission_seed_demo_student_3_5_seed_demo_exam_1_seed_demo_question_1_1', 'seed_demo_submission_seed_demo_student_3_5_seed_demo_exam_1', 'seed_demo_question_1_1', 'seed_demo_question_1_1_choice_a', NULL, 1),
('seed_demo_answer_seed_demo_submission_seed_demo_student_3_5_seed_demo_exam_1_seed_demo_question_1_2', 'seed_demo_submission_seed_demo_student_3_5_seed_demo_exam_1', 'seed_demo_question_1_2', 'seed_demo_question_1_2_choice_b', NULL, 1),
('seed_demo_answer_seed_demo_submission_seed_demo_student_3_5_seed_demo_exam_1_seed_demo_question_1_3', 'seed_demo_submission_seed_demo_student_3_5_seed_demo_exam_1', 'seed_demo_question_1_3', 'seed_demo_question_1_3_choice_c', NULL, 1),
('seed_demo_answer_seed_demo_submission_seed_demo_student_3_5_seed_demo_exam_1_seed_demo_question_1_4', 'seed_demo_submission_seed_demo_student_3_5_seed_demo_exam_1', 'seed_demo_question_1_4', 'seed_demo_question_1_4_choice_d', NULL, 1),
('seed_demo_answer_seed_demo_submission_seed_demo_student_3_5_seed_demo_exam_1_seed_demo_question_1_5', 'seed_demo_submission_seed_demo_student_3_5_seed_demo_exam_1', 'seed_demo_question_1_5', 'seed_demo_question_1_5_choice_a', NULL, 1),
('seed_demo_answer_seed_demo_submission_seed_demo_student_3_5_seed_demo_exam_1_seed_demo_question_1_6', 'seed_demo_submission_seed_demo_student_3_5_seed_demo_exam_1', 'seed_demo_question_1_6', 'seed_demo_question_1_6_choice_c', NULL, 0),
('seed_demo_answer_seed_demo_submission_seed_demo_student_3_5_seed_demo_exam_2_seed_demo_question_2_1', 'seed_demo_submission_seed_demo_student_3_5_seed_demo_exam_2', 'seed_demo_question_2_1', 'seed_demo_question_2_1_choice_b', NULL, 1),
('seed_demo_answer_seed_demo_submission_seed_demo_student_3_5_seed_demo_exam_2_seed_demo_question_2_2', 'seed_demo_submission_seed_demo_student_3_5_seed_demo_exam_2', 'seed_demo_question_2_2', 'seed_demo_question_2_2_choice_c', NULL, 1),
('seed_demo_answer_seed_demo_submission_seed_demo_student_3_5_seed_demo_exam_2_seed_demo_question_2_3', 'seed_demo_submission_seed_demo_student_3_5_seed_demo_exam_2', 'seed_demo_question_2_3', 'seed_demo_question_2_3_choice_d', NULL, 1),
('seed_demo_answer_seed_demo_submission_seed_demo_student_3_5_seed_demo_exam_2_seed_demo_question_2_4', 'seed_demo_submission_seed_demo_student_3_5_seed_demo_exam_2', 'seed_demo_question_2_4', 'seed_demo_question_2_4_choice_a', NULL, 1),
('seed_demo_answer_seed_demo_submission_seed_demo_student_3_5_seed_demo_exam_2_seed_demo_question_2_5', 'seed_demo_submission_seed_demo_student_3_5_seed_demo_exam_2', 'seed_demo_question_2_5', 'seed_demo_question_2_5_choice_b', NULL, 1),
('seed_demo_answer_seed_demo_submission_seed_demo_student_3_5_seed_demo_exam_2_seed_demo_question_2_6', 'seed_demo_submission_seed_demo_student_3_5_seed_demo_exam_2', 'seed_demo_question_2_6', 'seed_demo_question_2_6_choice_a', NULL, 0),
('seed_demo_answer_seed_demo_submission_seed_demo_student_3_5_seed_demo_exam_3_seed_demo_question_3_1', 'seed_demo_submission_seed_demo_student_3_5_seed_demo_exam_3', 'seed_demo_question_3_1', 'seed_demo_question_3_1_choice_d', NULL, 0),
('seed_demo_answer_seed_demo_submission_seed_demo_student_3_5_seed_demo_exam_3_seed_demo_question_3_2', 'seed_demo_submission_seed_demo_student_3_5_seed_demo_exam_3', 'seed_demo_question_3_2', 'seed_demo_question_3_2_choice_b', NULL, 0),
('seed_demo_answer_seed_demo_submission_seed_demo_student_3_5_seed_demo_exam_3_seed_demo_question_3_3', 'seed_demo_submission_seed_demo_student_3_5_seed_demo_exam_3', 'seed_demo_question_3_3', 'seed_demo_question_3_3_choice_d', NULL, 0),
('seed_demo_answer_seed_demo_submission_seed_demo_student_3_5_seed_demo_exam_3_seed_demo_question_3_4', 'seed_demo_submission_seed_demo_student_3_5_seed_demo_exam_3', 'seed_demo_question_3_4', 'seed_demo_question_3_4_choice_c', NULL, 0),
('seed_demo_answer_seed_demo_submission_seed_demo_student_3_5_seed_demo_exam_3_seed_demo_question_3_5', 'seed_demo_submission_seed_demo_student_3_5_seed_demo_exam_3', 'seed_demo_question_3_5', 'seed_demo_question_3_5_choice_c', NULL, 1),
('seed_demo_answer_seed_demo_submission_seed_demo_student_3_5_seed_demo_exam_3_seed_demo_question_3_6', 'seed_demo_submission_seed_demo_student_3_5_seed_demo_exam_3', 'seed_demo_question_3_6', 'seed_demo_question_3_6_choice_d', NULL, 1),
('seed_demo_answer_seed_demo_submission_seed_demo_student_3_5_seed_demo_exam_4_seed_demo_question_4_1', 'seed_demo_submission_seed_demo_student_3_5_seed_demo_exam_4', 'seed_demo_question_4_1', 'seed_demo_question_4_1_choice_b', NULL, 0),
('seed_demo_answer_seed_demo_submission_seed_demo_student_3_5_seed_demo_exam_4_seed_demo_question_4_2', 'seed_demo_submission_seed_demo_student_3_5_seed_demo_exam_4', 'seed_demo_question_4_2', 'seed_demo_question_4_2_choice_d', NULL, 0),
('seed_demo_answer_seed_demo_submission_seed_demo_student_3_5_seed_demo_exam_4_seed_demo_question_4_3', 'seed_demo_submission_seed_demo_student_3_5_seed_demo_exam_4', 'seed_demo_question_4_3', 'seed_demo_question_4_3_choice_b', NULL, 1),
('seed_demo_answer_seed_demo_submission_seed_demo_student_3_5_seed_demo_exam_4_seed_demo_question_4_4', 'seed_demo_submission_seed_demo_student_3_5_seed_demo_exam_4', 'seed_demo_question_4_4', 'seed_demo_question_4_4_choice_c', NULL, 1),
('seed_demo_answer_seed_demo_submission_seed_demo_student_3_5_seed_demo_exam_4_seed_demo_question_4_5', 'seed_demo_submission_seed_demo_student_3_5_seed_demo_exam_4', 'seed_demo_question_4_5', 'seed_demo_question_4_5_choice_d', NULL, 1),
('seed_demo_answer_seed_demo_submission_seed_demo_student_3_5_seed_demo_exam_4_seed_demo_question_4_6', 'seed_demo_submission_seed_demo_student_3_5_seed_demo_exam_4', 'seed_demo_question_4_6', 'seed_demo_question_4_6_choice_a', NULL, 1),
('seed_demo_answer_seed_demo_submission_seed_demo_student_3_5_seed_demo_exam_5_seed_demo_question_5_1', 'seed_demo_submission_seed_demo_student_3_5_seed_demo_exam_5', 'seed_demo_question_5_1', 'seed_demo_question_5_1_choice_d', NULL, 0),
('seed_demo_answer_seed_demo_submission_seed_demo_student_3_5_seed_demo_exam_5_seed_demo_question_5_2', 'seed_demo_submission_seed_demo_student_3_5_seed_demo_exam_5', 'seed_demo_question_5_2', 'seed_demo_question_5_2_choice_b', NULL, 1),
('seed_demo_answer_seed_demo_submission_seed_demo_student_3_5_seed_demo_exam_5_seed_demo_question_5_3', 'seed_demo_submission_seed_demo_student_3_5_seed_demo_exam_5', 'seed_demo_question_5_3', 'seed_demo_question_5_3_choice_c', NULL, 1),
('seed_demo_answer_seed_demo_submission_seed_demo_student_3_5_seed_demo_exam_5_seed_demo_question_5_4', 'seed_demo_submission_seed_demo_student_3_5_seed_demo_exam_5', 'seed_demo_question_5_4', 'seed_demo_question_5_4_choice_d', NULL, 1),
('seed_demo_answer_seed_demo_submission_seed_demo_student_3_5_seed_demo_exam_5_seed_demo_question_5_5', 'seed_demo_submission_seed_demo_student_3_5_seed_demo_exam_5', 'seed_demo_question_5_5', 'seed_demo_question_5_5_choice_a', NULL, 1),
('seed_demo_answer_seed_demo_submission_seed_demo_student_3_5_seed_demo_exam_5_seed_demo_question_5_6', 'seed_demo_submission_seed_demo_student_3_5_seed_demo_exam_5', 'seed_demo_question_5_6', 'seed_demo_question_5_6_choice_b', NULL, 1),
('seed_demo_answer_seed_demo_submission_seed_demo_student_3_6_seed_demo_exam_1_seed_demo_question_1_1', 'seed_demo_submission_seed_demo_student_3_6_seed_demo_exam_1', 'seed_demo_question_1_1', 'seed_demo_question_1_1_choice_a', NULL, 1),
('seed_demo_answer_seed_demo_submission_seed_demo_student_3_6_seed_demo_exam_1_seed_demo_question_1_2', 'seed_demo_submission_seed_demo_student_3_6_seed_demo_exam_1', 'seed_demo_question_1_2', 'seed_demo_question_1_2_choice_b', NULL, 1),
('seed_demo_answer_seed_demo_submission_seed_demo_student_3_6_seed_demo_exam_1_seed_demo_question_1_3', 'seed_demo_submission_seed_demo_student_3_6_seed_demo_exam_1', 'seed_demo_question_1_3', 'seed_demo_question_1_3_choice_c', NULL, 1),
('seed_demo_answer_seed_demo_submission_seed_demo_student_3_6_seed_demo_exam_1_seed_demo_question_1_4', 'seed_demo_submission_seed_demo_student_3_6_seed_demo_exam_1', 'seed_demo_question_1_4', 'seed_demo_question_1_4_choice_d', NULL, 1),
('seed_demo_answer_seed_demo_submission_seed_demo_student_3_6_seed_demo_exam_1_seed_demo_question_1_5', 'seed_demo_submission_seed_demo_student_3_6_seed_demo_exam_1', 'seed_demo_question_1_5', 'seed_demo_question_1_5_choice_b', NULL, 0),
('seed_demo_answer_seed_demo_submission_seed_demo_student_3_6_seed_demo_exam_1_seed_demo_question_1_6', 'seed_demo_submission_seed_demo_student_3_6_seed_demo_exam_1', 'seed_demo_question_1_6', 'seed_demo_question_1_6_choice_d', NULL, 0),
('seed_demo_answer_seed_demo_submission_seed_demo_student_3_6_seed_demo_exam_2_seed_demo_question_2_1', 'seed_demo_submission_seed_demo_student_3_6_seed_demo_exam_2', 'seed_demo_question_2_1', 'seed_demo_question_2_1_choice_c', NULL, 0),
('seed_demo_answer_seed_demo_submission_seed_demo_student_3_6_seed_demo_exam_2_seed_demo_question_2_2', 'seed_demo_submission_seed_demo_student_3_6_seed_demo_exam_2', 'seed_demo_question_2_2', 'seed_demo_question_2_2_choice_a', NULL, 0),
('seed_demo_answer_seed_demo_submission_seed_demo_student_3_6_seed_demo_exam_2_seed_demo_question_2_3', 'seed_demo_submission_seed_demo_student_3_6_seed_demo_exam_2', 'seed_demo_question_2_3', 'seed_demo_question_2_3_choice_c', NULL, 0),
('seed_demo_answer_seed_demo_submission_seed_demo_student_3_6_seed_demo_exam_2_seed_demo_question_2_4', 'seed_demo_submission_seed_demo_student_3_6_seed_demo_exam_2', 'seed_demo_question_2_4', 'seed_demo_question_2_4_choice_b', NULL, 0);

INSERT INTO student_exam_answers (id, submissionId, questionId, selectedChoiceId, answerText, isCorrect) VALUES
('seed_demo_answer_seed_demo_submission_seed_demo_student_3_6_seed_demo_exam_2_seed_demo_question_2_5', 'seed_demo_submission_seed_demo_student_3_6_seed_demo_exam_2', 'seed_demo_question_2_5', 'seed_demo_question_2_5_choice_b', NULL, 1),
('seed_demo_answer_seed_demo_submission_seed_demo_student_3_6_seed_demo_exam_2_seed_demo_question_2_6', 'seed_demo_submission_seed_demo_student_3_6_seed_demo_exam_2', 'seed_demo_question_2_6', 'seed_demo_question_2_6_choice_c', NULL, 1),
('seed_demo_answer_seed_demo_submission_seed_demo_student_3_6_seed_demo_exam_3_seed_demo_question_3_1', 'seed_demo_submission_seed_demo_student_3_6_seed_demo_exam_3', 'seed_demo_question_3_1', 'seed_demo_question_3_1_choice_a', NULL, 0),
('seed_demo_answer_seed_demo_submission_seed_demo_student_3_6_seed_demo_exam_3_seed_demo_question_3_2', 'seed_demo_submission_seed_demo_student_3_6_seed_demo_exam_3', 'seed_demo_question_3_2', 'seed_demo_question_3_2_choice_c', NULL, 0),
('seed_demo_answer_seed_demo_submission_seed_demo_student_3_6_seed_demo_exam_3_seed_demo_question_3_3', 'seed_demo_submission_seed_demo_student_3_6_seed_demo_exam_3', 'seed_demo_question_3_3', 'seed_demo_question_3_3_choice_a', NULL, 1),
('seed_demo_answer_seed_demo_submission_seed_demo_student_3_6_seed_demo_exam_3_seed_demo_question_3_4', 'seed_demo_submission_seed_demo_student_3_6_seed_demo_exam_3', 'seed_demo_question_3_4', 'seed_demo_question_3_4_choice_b', NULL, 1),
('seed_demo_answer_seed_demo_submission_seed_demo_student_3_6_seed_demo_exam_3_seed_demo_question_3_5', 'seed_demo_submission_seed_demo_student_3_6_seed_demo_exam_3', 'seed_demo_question_3_5', 'seed_demo_question_3_5_choice_c', NULL, 1),
('seed_demo_answer_seed_demo_submission_seed_demo_student_3_6_seed_demo_exam_3_seed_demo_question_3_6', 'seed_demo_submission_seed_demo_student_3_6_seed_demo_exam_3', 'seed_demo_question_3_6', 'seed_demo_question_3_6_choice_d', NULL, 1),
('seed_demo_answer_seed_demo_submission_seed_demo_student_3_6_seed_demo_exam_4_seed_demo_question_4_1', 'seed_demo_submission_seed_demo_student_3_6_seed_demo_exam_4', 'seed_demo_question_4_1', 'seed_demo_question_4_1_choice_d', NULL, 1),
('seed_demo_answer_seed_demo_submission_seed_demo_student_3_6_seed_demo_exam_4_seed_demo_question_4_2', 'seed_demo_submission_seed_demo_student_3_6_seed_demo_exam_4', 'seed_demo_question_4_2', 'seed_demo_question_4_2_choice_a', NULL, 1),
('seed_demo_answer_seed_demo_submission_seed_demo_student_3_6_seed_demo_exam_4_seed_demo_question_4_3', 'seed_demo_submission_seed_demo_student_3_6_seed_demo_exam_4', 'seed_demo_question_4_3', 'seed_demo_question_4_3_choice_b', NULL, 1),
('seed_demo_answer_seed_demo_submission_seed_demo_student_3_6_seed_demo_exam_4_seed_demo_question_4_4', 'seed_demo_submission_seed_demo_student_3_6_seed_demo_exam_4', 'seed_demo_question_4_4', 'seed_demo_question_4_4_choice_c', NULL, 1),
('seed_demo_answer_seed_demo_submission_seed_demo_student_3_6_seed_demo_exam_4_seed_demo_question_4_5', 'seed_demo_submission_seed_demo_student_3_6_seed_demo_exam_4', 'seed_demo_question_4_5', 'seed_demo_question_4_5_choice_d', NULL, 1),
('seed_demo_answer_seed_demo_submission_seed_demo_student_3_6_seed_demo_exam_4_seed_demo_question_4_6', 'seed_demo_submission_seed_demo_student_3_6_seed_demo_exam_4', 'seed_demo_question_4_6', 'seed_demo_question_4_6_choice_a', NULL, 1),
('seed_demo_answer_seed_demo_submission_seed_demo_student_3_6_seed_demo_exam_5_seed_demo_question_5_1', 'seed_demo_submission_seed_demo_student_3_6_seed_demo_exam_5', 'seed_demo_question_5_1', 'seed_demo_question_5_1_choice_a', NULL, 1),
('seed_demo_answer_seed_demo_submission_seed_demo_student_3_6_seed_demo_exam_5_seed_demo_question_5_2', 'seed_demo_submission_seed_demo_student_3_6_seed_demo_exam_5', 'seed_demo_question_5_2', 'seed_demo_question_5_2_choice_b', NULL, 1),
('seed_demo_answer_seed_demo_submission_seed_demo_student_3_6_seed_demo_exam_5_seed_demo_question_5_3', 'seed_demo_submission_seed_demo_student_3_6_seed_demo_exam_5', 'seed_demo_question_5_3', 'seed_demo_question_5_3_choice_c', NULL, 1),
('seed_demo_answer_seed_demo_submission_seed_demo_student_3_6_seed_demo_exam_5_seed_demo_question_5_4', 'seed_demo_submission_seed_demo_student_3_6_seed_demo_exam_5', 'seed_demo_question_5_4', 'seed_demo_question_5_4_choice_d', NULL, 1),
('seed_demo_answer_seed_demo_submission_seed_demo_student_3_6_seed_demo_exam_5_seed_demo_question_5_5', 'seed_demo_submission_seed_demo_student_3_6_seed_demo_exam_5', 'seed_demo_question_5_5', 'seed_demo_question_5_5_choice_a', NULL, 1),
('seed_demo_answer_seed_demo_submission_seed_demo_student_3_6_seed_demo_exam_5_seed_demo_question_5_6', 'seed_demo_submission_seed_demo_student_3_6_seed_demo_exam_5', 'seed_demo_question_5_6', 'seed_demo_question_5_6_choice_b', NULL, 1),
('seed_demo_answer_seed_demo_submission_seed_demo_student_3_7_seed_demo_exam_1_seed_demo_question_1_1', 'seed_demo_submission_seed_demo_student_3_7_seed_demo_exam_1', 'seed_demo_question_1_1', 'seed_demo_question_1_1_choice_b', NULL, 0),
('seed_demo_answer_seed_demo_submission_seed_demo_student_3_7_seed_demo_exam_1_seed_demo_question_1_2', 'seed_demo_submission_seed_demo_student_3_7_seed_demo_exam_1', 'seed_demo_question_1_2', 'seed_demo_question_1_2_choice_d', NULL, 0),
('seed_demo_answer_seed_demo_submission_seed_demo_student_3_7_seed_demo_exam_1_seed_demo_question_1_3', 'seed_demo_submission_seed_demo_student_3_7_seed_demo_exam_1', 'seed_demo_question_1_3', 'seed_demo_question_1_3_choice_b', NULL, 0),
('seed_demo_answer_seed_demo_submission_seed_demo_student_3_7_seed_demo_exam_1_seed_demo_question_1_4', 'seed_demo_submission_seed_demo_student_3_7_seed_demo_exam_1', 'seed_demo_question_1_4', 'seed_demo_question_1_4_choice_d', NULL, 1),
('seed_demo_answer_seed_demo_submission_seed_demo_student_3_7_seed_demo_exam_1_seed_demo_question_1_5', 'seed_demo_submission_seed_demo_student_3_7_seed_demo_exam_1', 'seed_demo_question_1_5', 'seed_demo_question_1_5_choice_a', NULL, 1),
('seed_demo_answer_seed_demo_submission_seed_demo_student_3_7_seed_demo_exam_1_seed_demo_question_1_6', 'seed_demo_submission_seed_demo_student_3_7_seed_demo_exam_1', 'seed_demo_question_1_6', 'seed_demo_question_1_6_choice_b', NULL, 1),
('seed_demo_answer_seed_demo_submission_seed_demo_student_3_7_seed_demo_exam_2_seed_demo_question_2_1', 'seed_demo_submission_seed_demo_student_3_7_seed_demo_exam_2', 'seed_demo_question_2_1', 'seed_demo_question_2_1_choice_d', NULL, 0),
('seed_demo_answer_seed_demo_submission_seed_demo_student_3_7_seed_demo_exam_2_seed_demo_question_2_2', 'seed_demo_submission_seed_demo_student_3_7_seed_demo_exam_2', 'seed_demo_question_2_2', 'seed_demo_question_2_2_choice_c', NULL, 1),
('seed_demo_answer_seed_demo_submission_seed_demo_student_3_7_seed_demo_exam_2_seed_demo_question_2_3', 'seed_demo_submission_seed_demo_student_3_7_seed_demo_exam_2', 'seed_demo_question_2_3', 'seed_demo_question_2_3_choice_d', NULL, 1),
('seed_demo_answer_seed_demo_submission_seed_demo_student_3_7_seed_demo_exam_2_seed_demo_question_2_4', 'seed_demo_submission_seed_demo_student_3_7_seed_demo_exam_2', 'seed_demo_question_2_4', 'seed_demo_question_2_4_choice_a', NULL, 1),
('seed_demo_answer_seed_demo_submission_seed_demo_student_3_7_seed_demo_exam_2_seed_demo_question_2_5', 'seed_demo_submission_seed_demo_student_3_7_seed_demo_exam_2', 'seed_demo_question_2_5', 'seed_demo_question_2_5_choice_b', NULL, 1),
('seed_demo_answer_seed_demo_submission_seed_demo_student_3_7_seed_demo_exam_2_seed_demo_question_2_6', 'seed_demo_submission_seed_demo_student_3_7_seed_demo_exam_2', 'seed_demo_question_2_6', 'seed_demo_question_2_6_choice_c', NULL, 1),
('seed_demo_answer_seed_demo_submission_seed_demo_student_3_7_seed_demo_exam_3_seed_demo_question_3_1', 'seed_demo_submission_seed_demo_student_3_7_seed_demo_exam_3', 'seed_demo_question_3_1', 'seed_demo_question_3_1_choice_c', NULL, 1),
('seed_demo_answer_seed_demo_submission_seed_demo_student_3_7_seed_demo_exam_3_seed_demo_question_3_2', 'seed_demo_submission_seed_demo_student_3_7_seed_demo_exam_3', 'seed_demo_question_3_2', 'seed_demo_question_3_2_choice_d', NULL, 1),
('seed_demo_answer_seed_demo_submission_seed_demo_student_3_7_seed_demo_exam_3_seed_demo_question_3_3', 'seed_demo_submission_seed_demo_student_3_7_seed_demo_exam_3', 'seed_demo_question_3_3', 'seed_demo_question_3_3_choice_a', NULL, 1),
('seed_demo_answer_seed_demo_submission_seed_demo_student_3_7_seed_demo_exam_3_seed_demo_question_3_4', 'seed_demo_submission_seed_demo_student_3_7_seed_demo_exam_3', 'seed_demo_question_3_4', 'seed_demo_question_3_4_choice_b', NULL, 1),
('seed_demo_answer_seed_demo_submission_seed_demo_student_3_7_seed_demo_exam_3_seed_demo_question_3_5', 'seed_demo_submission_seed_demo_student_3_7_seed_demo_exam_3', 'seed_demo_question_3_5', 'seed_demo_question_3_5_choice_c', NULL, 1),
('seed_demo_answer_seed_demo_submission_seed_demo_student_3_7_seed_demo_exam_3_seed_demo_question_3_6', 'seed_demo_submission_seed_demo_student_3_7_seed_demo_exam_3', 'seed_demo_question_3_6', 'seed_demo_question_3_6_choice_d', NULL, 1),
('seed_demo_answer_seed_demo_submission_seed_demo_student_3_7_seed_demo_exam_4_seed_demo_question_4_1', 'seed_demo_submission_seed_demo_student_3_7_seed_demo_exam_4', 'seed_demo_question_4_1', 'seed_demo_question_4_1_choice_d', NULL, 1),
('seed_demo_answer_seed_demo_submission_seed_demo_student_3_7_seed_demo_exam_4_seed_demo_question_4_2', 'seed_demo_submission_seed_demo_student_3_7_seed_demo_exam_4', 'seed_demo_question_4_2', 'seed_demo_question_4_2_choice_a', NULL, 1),
('seed_demo_answer_seed_demo_submission_seed_demo_student_3_7_seed_demo_exam_4_seed_demo_question_4_3', 'seed_demo_submission_seed_demo_student_3_7_seed_demo_exam_4', 'seed_demo_question_4_3', 'seed_demo_question_4_3_choice_b', NULL, 1),
('seed_demo_answer_seed_demo_submission_seed_demo_student_3_7_seed_demo_exam_4_seed_demo_question_4_4', 'seed_demo_submission_seed_demo_student_3_7_seed_demo_exam_4', 'seed_demo_question_4_4', 'seed_demo_question_4_4_choice_c', NULL, 1),
('seed_demo_answer_seed_demo_submission_seed_demo_student_3_7_seed_demo_exam_4_seed_demo_question_4_5', 'seed_demo_submission_seed_demo_student_3_7_seed_demo_exam_4', 'seed_demo_question_4_5', 'seed_demo_question_4_5_choice_d', NULL, 1),
('seed_demo_answer_seed_demo_submission_seed_demo_student_3_7_seed_demo_exam_4_seed_demo_question_4_6', 'seed_demo_submission_seed_demo_student_3_7_seed_demo_exam_4', 'seed_demo_question_4_6', 'seed_demo_question_4_6_choice_a', NULL, 1),
('seed_demo_answer_seed_demo_submission_seed_demo_student_3_7_seed_demo_exam_5_seed_demo_question_5_1', 'seed_demo_submission_seed_demo_student_3_7_seed_demo_exam_5', 'seed_demo_question_5_1', 'seed_demo_question_5_1_choice_a', NULL, 1),
('seed_demo_answer_seed_demo_submission_seed_demo_student_3_7_seed_demo_exam_5_seed_demo_question_5_2', 'seed_demo_submission_seed_demo_student_3_7_seed_demo_exam_5', 'seed_demo_question_5_2', 'seed_demo_question_5_2_choice_b', NULL, 1),
('seed_demo_answer_seed_demo_submission_seed_demo_student_3_7_seed_demo_exam_5_seed_demo_question_5_3', 'seed_demo_submission_seed_demo_student_3_7_seed_demo_exam_5', 'seed_demo_question_5_3', 'seed_demo_question_5_3_choice_c', NULL, 1),
('seed_demo_answer_seed_demo_submission_seed_demo_student_3_7_seed_demo_exam_5_seed_demo_question_5_4', 'seed_demo_submission_seed_demo_student_3_7_seed_demo_exam_5', 'seed_demo_question_5_4', 'seed_demo_question_5_4_choice_d', NULL, 1),
('seed_demo_answer_seed_demo_submission_seed_demo_student_3_7_seed_demo_exam_5_seed_demo_question_5_5', 'seed_demo_submission_seed_demo_student_3_7_seed_demo_exam_5', 'seed_demo_question_5_5', 'seed_demo_question_5_5_choice_a', NULL, 1),
('seed_demo_answer_seed_demo_submission_seed_demo_student_3_7_seed_demo_exam_5_seed_demo_question_5_6', 'seed_demo_submission_seed_demo_student_3_7_seed_demo_exam_5', 'seed_demo_question_5_6', 'seed_demo_question_5_6_choice_b', NULL, 1),
('seed_demo_answer_seed_demo_submission_seed_demo_student_3_8_seed_demo_exam_1_seed_demo_question_1_1', 'seed_demo_submission_seed_demo_student_3_8_seed_demo_exam_1', 'seed_demo_question_1_1', 'seed_demo_question_1_1_choice_c', NULL, 0),
('seed_demo_answer_seed_demo_submission_seed_demo_student_3_8_seed_demo_exam_1_seed_demo_question_1_2', 'seed_demo_submission_seed_demo_student_3_8_seed_demo_exam_1', 'seed_demo_question_1_2', 'seed_demo_question_1_2_choice_b', NULL, 1),
('seed_demo_answer_seed_demo_submission_seed_demo_student_3_8_seed_demo_exam_1_seed_demo_question_1_3', 'seed_demo_submission_seed_demo_student_3_8_seed_demo_exam_1', 'seed_demo_question_1_3', 'seed_demo_question_1_3_choice_c', NULL, 1),
('seed_demo_answer_seed_demo_submission_seed_demo_student_3_8_seed_demo_exam_1_seed_demo_question_1_4', 'seed_demo_submission_seed_demo_student_3_8_seed_demo_exam_1', 'seed_demo_question_1_4', 'seed_demo_question_1_4_choice_d', NULL, 1),
('seed_demo_answer_seed_demo_submission_seed_demo_student_3_8_seed_demo_exam_1_seed_demo_question_1_5', 'seed_demo_submission_seed_demo_student_3_8_seed_demo_exam_1', 'seed_demo_question_1_5', 'seed_demo_question_1_5_choice_a', NULL, 1),
('seed_demo_answer_seed_demo_submission_seed_demo_student_3_8_seed_demo_exam_1_seed_demo_question_1_6', 'seed_demo_submission_seed_demo_student_3_8_seed_demo_exam_1', 'seed_demo_question_1_6', 'seed_demo_question_1_6_choice_b', NULL, 1),
('seed_demo_answer_seed_demo_submission_seed_demo_student_3_8_seed_demo_exam_2_seed_demo_question_2_1', 'seed_demo_submission_seed_demo_student_3_8_seed_demo_exam_2', 'seed_demo_question_2_1', 'seed_demo_question_2_1_choice_b', NULL, 1),
('seed_demo_answer_seed_demo_submission_seed_demo_student_3_8_seed_demo_exam_2_seed_demo_question_2_2', 'seed_demo_submission_seed_demo_student_3_8_seed_demo_exam_2', 'seed_demo_question_2_2', 'seed_demo_question_2_2_choice_c', NULL, 1),
('seed_demo_answer_seed_demo_submission_seed_demo_student_3_8_seed_demo_exam_2_seed_demo_question_2_3', 'seed_demo_submission_seed_demo_student_3_8_seed_demo_exam_2', 'seed_demo_question_2_3', 'seed_demo_question_2_3_choice_d', NULL, 1),
('seed_demo_answer_seed_demo_submission_seed_demo_student_3_8_seed_demo_exam_2_seed_demo_question_2_4', 'seed_demo_submission_seed_demo_student_3_8_seed_demo_exam_2', 'seed_demo_question_2_4', 'seed_demo_question_2_4_choice_a', NULL, 1),
('seed_demo_answer_seed_demo_submission_seed_demo_student_3_8_seed_demo_exam_2_seed_demo_question_2_5', 'seed_demo_submission_seed_demo_student_3_8_seed_demo_exam_2', 'seed_demo_question_2_5', 'seed_demo_question_2_5_choice_b', NULL, 1),
('seed_demo_answer_seed_demo_submission_seed_demo_student_3_8_seed_demo_exam_2_seed_demo_question_2_6', 'seed_demo_submission_seed_demo_student_3_8_seed_demo_exam_2', 'seed_demo_question_2_6', 'seed_demo_question_2_6_choice_c', NULL, 1),
('seed_demo_answer_seed_demo_submission_seed_demo_student_3_8_seed_demo_exam_3_seed_demo_question_3_1', 'seed_demo_submission_seed_demo_student_3_8_seed_demo_exam_3', 'seed_demo_question_3_1', 'seed_demo_question_3_1_choice_c', NULL, 1),
('seed_demo_answer_seed_demo_submission_seed_demo_student_3_8_seed_demo_exam_3_seed_demo_question_3_2', 'seed_demo_submission_seed_demo_student_3_8_seed_demo_exam_3', 'seed_demo_question_3_2', 'seed_demo_question_3_2_choice_d', NULL, 1),
('seed_demo_answer_seed_demo_submission_seed_demo_student_3_8_seed_demo_exam_3_seed_demo_question_3_3', 'seed_demo_submission_seed_demo_student_3_8_seed_demo_exam_3', 'seed_demo_question_3_3', 'seed_demo_question_3_3_choice_a', NULL, 1),
('seed_demo_answer_seed_demo_submission_seed_demo_student_3_8_seed_demo_exam_3_seed_demo_question_3_4', 'seed_demo_submission_seed_demo_student_3_8_seed_demo_exam_3', 'seed_demo_question_3_4', 'seed_demo_question_3_4_choice_b', NULL, 1),
('seed_demo_answer_seed_demo_submission_seed_demo_student_3_8_seed_demo_exam_3_seed_demo_question_3_5', 'seed_demo_submission_seed_demo_student_3_8_seed_demo_exam_3', 'seed_demo_question_3_5', 'seed_demo_question_3_5_choice_c', NULL, 1),
('seed_demo_answer_seed_demo_submission_seed_demo_student_3_8_seed_demo_exam_3_seed_demo_question_3_6', 'seed_demo_submission_seed_demo_student_3_8_seed_demo_exam_3', 'seed_demo_question_3_6', 'seed_demo_question_3_6_choice_d', NULL, 1),
('seed_demo_answer_seed_demo_submission_seed_demo_student_3_8_seed_demo_exam_4_seed_demo_question_4_1', 'seed_demo_submission_seed_demo_student_3_8_seed_demo_exam_4', 'seed_demo_question_4_1', 'seed_demo_question_4_1_choice_d', NULL, 1),
('seed_demo_answer_seed_demo_submission_seed_demo_student_3_8_seed_demo_exam_4_seed_demo_question_4_2', 'seed_demo_submission_seed_demo_student_3_8_seed_demo_exam_4', 'seed_demo_question_4_2', 'seed_demo_question_4_2_choice_a', NULL, 1),
('seed_demo_answer_seed_demo_submission_seed_demo_student_3_8_seed_demo_exam_4_seed_demo_question_4_3', 'seed_demo_submission_seed_demo_student_3_8_seed_demo_exam_4', 'seed_demo_question_4_3', 'seed_demo_question_4_3_choice_b', NULL, 1),
('seed_demo_answer_seed_demo_submission_seed_demo_student_3_8_seed_demo_exam_4_seed_demo_question_4_4', 'seed_demo_submission_seed_demo_student_3_8_seed_demo_exam_4', 'seed_demo_question_4_4', 'seed_demo_question_4_4_choice_c', NULL, 1),
('seed_demo_answer_seed_demo_submission_seed_demo_student_3_8_seed_demo_exam_4_seed_demo_question_4_5', 'seed_demo_submission_seed_demo_student_3_8_seed_demo_exam_4', 'seed_demo_question_4_5', 'seed_demo_question_4_5_choice_d', NULL, 1),
('seed_demo_answer_seed_demo_submission_seed_demo_student_3_8_seed_demo_exam_4_seed_demo_question_4_6', 'seed_demo_submission_seed_demo_student_3_8_seed_demo_exam_4', 'seed_demo_question_4_6', 'seed_demo_question_4_6_choice_a', NULL, 1),
('seed_demo_answer_seed_demo_submission_seed_demo_student_3_8_seed_demo_exam_5_seed_demo_question_5_1', 'seed_demo_submission_seed_demo_student_3_8_seed_demo_exam_5', 'seed_demo_question_5_1', 'seed_demo_question_5_1_choice_a', NULL, 1),
('seed_demo_answer_seed_demo_submission_seed_demo_student_3_8_seed_demo_exam_5_seed_demo_question_5_2', 'seed_demo_submission_seed_demo_student_3_8_seed_demo_exam_5', 'seed_demo_question_5_2', 'seed_demo_question_5_2_choice_b', NULL, 1),
('seed_demo_answer_seed_demo_submission_seed_demo_student_3_8_seed_demo_exam_5_seed_demo_question_5_3', 'seed_demo_submission_seed_demo_student_3_8_seed_demo_exam_5', 'seed_demo_question_5_3', 'seed_demo_question_5_3_choice_c', NULL, 1),
('seed_demo_answer_seed_demo_submission_seed_demo_student_3_8_seed_demo_exam_5_seed_demo_question_5_4', 'seed_demo_submission_seed_demo_student_3_8_seed_demo_exam_5', 'seed_demo_question_5_4', 'seed_demo_question_5_4_choice_d', NULL, 1),
('seed_demo_answer_seed_demo_submission_seed_demo_student_3_8_seed_demo_exam_5_seed_demo_question_5_5', 'seed_demo_submission_seed_demo_student_3_8_seed_demo_exam_5', 'seed_demo_question_5_5', 'seed_demo_question_5_5_choice_a', NULL, 1),
('seed_demo_answer_seed_demo_submission_seed_demo_student_3_8_seed_demo_exam_5_seed_demo_question_5_6', 'seed_demo_submission_seed_demo_student_3_8_seed_demo_exam_5', 'seed_demo_question_5_6', 'seed_demo_question_5_6_choice_b', NULL, 1);

INSERT INTO student_exam_answers (id, submissionId, questionId, selectedChoiceId, answerText, isCorrect) VALUES
('seed_demo_answer_seed_demo_submission_seed_demo_student_3_9_seed_demo_exam_1_seed_demo_question_1_1', 'seed_demo_submission_seed_demo_student_3_9_seed_demo_exam_1', 'seed_demo_question_1_1', 'seed_demo_question_1_1_choice_a', NULL, 1),
('seed_demo_answer_seed_demo_submission_seed_demo_student_3_9_seed_demo_exam_1_seed_demo_question_1_2', 'seed_demo_submission_seed_demo_student_3_9_seed_demo_exam_1', 'seed_demo_question_1_2', 'seed_demo_question_1_2_choice_b', NULL, 1),
('seed_demo_answer_seed_demo_submission_seed_demo_student_3_9_seed_demo_exam_1_seed_demo_question_1_3', 'seed_demo_submission_seed_demo_student_3_9_seed_demo_exam_1', 'seed_demo_question_1_3', 'seed_demo_question_1_3_choice_c', NULL, 1),
('seed_demo_answer_seed_demo_submission_seed_demo_student_3_9_seed_demo_exam_1_seed_demo_question_1_4', 'seed_demo_submission_seed_demo_student_3_9_seed_demo_exam_1', 'seed_demo_question_1_4', 'seed_demo_question_1_4_choice_d', NULL, 1),
('seed_demo_answer_seed_demo_submission_seed_demo_student_3_9_seed_demo_exam_1_seed_demo_question_1_5', 'seed_demo_submission_seed_demo_student_3_9_seed_demo_exam_1', 'seed_demo_question_1_5', 'seed_demo_question_1_5_choice_a', NULL, 1),
('seed_demo_answer_seed_demo_submission_seed_demo_student_3_9_seed_demo_exam_1_seed_demo_question_1_6', 'seed_demo_submission_seed_demo_student_3_9_seed_demo_exam_1', 'seed_demo_question_1_6', 'seed_demo_question_1_6_choice_b', NULL, 1),
('seed_demo_answer_seed_demo_submission_seed_demo_student_3_9_seed_demo_exam_2_seed_demo_question_2_1', 'seed_demo_submission_seed_demo_student_3_9_seed_demo_exam_2', 'seed_demo_question_2_1', 'seed_demo_question_2_1_choice_b', NULL, 1),
('seed_demo_answer_seed_demo_submission_seed_demo_student_3_9_seed_demo_exam_2_seed_demo_question_2_2', 'seed_demo_submission_seed_demo_student_3_9_seed_demo_exam_2', 'seed_demo_question_2_2', 'seed_demo_question_2_2_choice_c', NULL, 1),
('seed_demo_answer_seed_demo_submission_seed_demo_student_3_9_seed_demo_exam_2_seed_demo_question_2_3', 'seed_demo_submission_seed_demo_student_3_9_seed_demo_exam_2', 'seed_demo_question_2_3', 'seed_demo_question_2_3_choice_d', NULL, 1),
('seed_demo_answer_seed_demo_submission_seed_demo_student_3_9_seed_demo_exam_2_seed_demo_question_2_4', 'seed_demo_submission_seed_demo_student_3_9_seed_demo_exam_2', 'seed_demo_question_2_4', 'seed_demo_question_2_4_choice_a', NULL, 1),
('seed_demo_answer_seed_demo_submission_seed_demo_student_3_9_seed_demo_exam_2_seed_demo_question_2_5', 'seed_demo_submission_seed_demo_student_3_9_seed_demo_exam_2', 'seed_demo_question_2_5', 'seed_demo_question_2_5_choice_b', NULL, 1),
('seed_demo_answer_seed_demo_submission_seed_demo_student_3_9_seed_demo_exam_2_seed_demo_question_2_6', 'seed_demo_submission_seed_demo_student_3_9_seed_demo_exam_2', 'seed_demo_question_2_6', 'seed_demo_question_2_6_choice_c', NULL, 1),
('seed_demo_answer_seed_demo_submission_seed_demo_student_3_9_seed_demo_exam_3_seed_demo_question_3_1', 'seed_demo_submission_seed_demo_student_3_9_seed_demo_exam_3', 'seed_demo_question_3_1', 'seed_demo_question_3_1_choice_c', NULL, 1),
('seed_demo_answer_seed_demo_submission_seed_demo_student_3_9_seed_demo_exam_3_seed_demo_question_3_2', 'seed_demo_submission_seed_demo_student_3_9_seed_demo_exam_3', 'seed_demo_question_3_2', 'seed_demo_question_3_2_choice_d', NULL, 1),
('seed_demo_answer_seed_demo_submission_seed_demo_student_3_9_seed_demo_exam_3_seed_demo_question_3_3', 'seed_demo_submission_seed_demo_student_3_9_seed_demo_exam_3', 'seed_demo_question_3_3', 'seed_demo_question_3_3_choice_a', NULL, 1),
('seed_demo_answer_seed_demo_submission_seed_demo_student_3_9_seed_demo_exam_3_seed_demo_question_3_4', 'seed_demo_submission_seed_demo_student_3_9_seed_demo_exam_3', 'seed_demo_question_3_4', 'seed_demo_question_3_4_choice_b', NULL, 1),
('seed_demo_answer_seed_demo_submission_seed_demo_student_3_9_seed_demo_exam_3_seed_demo_question_3_5', 'seed_demo_submission_seed_demo_student_3_9_seed_demo_exam_3', 'seed_demo_question_3_5', 'seed_demo_question_3_5_choice_c', NULL, 1),
('seed_demo_answer_seed_demo_submission_seed_demo_student_3_9_seed_demo_exam_3_seed_demo_question_3_6', 'seed_demo_submission_seed_demo_student_3_9_seed_demo_exam_3', 'seed_demo_question_3_6', 'seed_demo_question_3_6_choice_d', NULL, 1),
('seed_demo_answer_seed_demo_submission_seed_demo_student_3_9_seed_demo_exam_4_seed_demo_question_4_1', 'seed_demo_submission_seed_demo_student_3_9_seed_demo_exam_4', 'seed_demo_question_4_1', 'seed_demo_question_4_1_choice_d', NULL, 1),
('seed_demo_answer_seed_demo_submission_seed_demo_student_3_9_seed_demo_exam_4_seed_demo_question_4_2', 'seed_demo_submission_seed_demo_student_3_9_seed_demo_exam_4', 'seed_demo_question_4_2', 'seed_demo_question_4_2_choice_a', NULL, 1),
('seed_demo_answer_seed_demo_submission_seed_demo_student_3_9_seed_demo_exam_4_seed_demo_question_4_3', 'seed_demo_submission_seed_demo_student_3_9_seed_demo_exam_4', 'seed_demo_question_4_3', 'seed_demo_question_4_3_choice_b', NULL, 1),
('seed_demo_answer_seed_demo_submission_seed_demo_student_3_9_seed_demo_exam_4_seed_demo_question_4_4', 'seed_demo_submission_seed_demo_student_3_9_seed_demo_exam_4', 'seed_demo_question_4_4', 'seed_demo_question_4_4_choice_c', NULL, 1),
('seed_demo_answer_seed_demo_submission_seed_demo_student_3_9_seed_demo_exam_4_seed_demo_question_4_5', 'seed_demo_submission_seed_demo_student_3_9_seed_demo_exam_4', 'seed_demo_question_4_5', 'seed_demo_question_4_5_choice_d', NULL, 1),
('seed_demo_answer_seed_demo_submission_seed_demo_student_3_9_seed_demo_exam_4_seed_demo_question_4_6', 'seed_demo_submission_seed_demo_student_3_9_seed_demo_exam_4', 'seed_demo_question_4_6', 'seed_demo_question_4_6_choice_a', NULL, 1),
('seed_demo_answer_seed_demo_submission_seed_demo_student_3_9_seed_demo_exam_5_seed_demo_question_5_1', 'seed_demo_submission_seed_demo_student_3_9_seed_demo_exam_5', 'seed_demo_question_5_1', 'seed_demo_question_5_1_choice_b', NULL, 0),
('seed_demo_answer_seed_demo_submission_seed_demo_student_3_9_seed_demo_exam_5_seed_demo_question_5_2', 'seed_demo_submission_seed_demo_student_3_9_seed_demo_exam_5', 'seed_demo_question_5_2', 'seed_demo_question_5_2_choice_d', NULL, 0),
('seed_demo_answer_seed_demo_submission_seed_demo_student_3_9_seed_demo_exam_5_seed_demo_question_5_3', 'seed_demo_submission_seed_demo_student_3_9_seed_demo_exam_5', 'seed_demo_question_5_3', 'seed_demo_question_5_3_choice_b', NULL, 0),
('seed_demo_answer_seed_demo_submission_seed_demo_student_3_9_seed_demo_exam_5_seed_demo_question_5_4', 'seed_demo_submission_seed_demo_student_3_9_seed_demo_exam_5', 'seed_demo_question_5_4', 'seed_demo_question_5_4_choice_a', NULL, 0),
('seed_demo_answer_seed_demo_submission_seed_demo_student_3_9_seed_demo_exam_5_seed_demo_question_5_5', 'seed_demo_submission_seed_demo_student_3_9_seed_demo_exam_5', 'seed_demo_question_5_5', 'seed_demo_question_5_5_choice_c', NULL, 0),
('seed_demo_answer_seed_demo_submission_seed_demo_student_3_9_seed_demo_exam_5_seed_demo_question_5_6', 'seed_demo_submission_seed_demo_student_3_9_seed_demo_exam_5', 'seed_demo_question_5_6', 'seed_demo_question_5_6_choice_b', NULL, 1),
('seed_demo_answer_seed_demo_submission_seed_demo_student_3_10_seed_demo_exam_1_seed_demo_question_1_1', 'seed_demo_submission_seed_demo_student_3_10_seed_demo_exam_1', 'seed_demo_question_1_1', 'seed_demo_question_1_1_choice_a', NULL, 1),
('seed_demo_answer_seed_demo_submission_seed_demo_student_3_10_seed_demo_exam_1_seed_demo_question_1_2', 'seed_demo_submission_seed_demo_student_3_10_seed_demo_exam_1', 'seed_demo_question_1_2', 'seed_demo_question_1_2_choice_b', NULL, 1),
('seed_demo_answer_seed_demo_submission_seed_demo_student_3_10_seed_demo_exam_1_seed_demo_question_1_3', 'seed_demo_submission_seed_demo_student_3_10_seed_demo_exam_1', 'seed_demo_question_1_3', 'seed_demo_question_1_3_choice_c', NULL, 1),
('seed_demo_answer_seed_demo_submission_seed_demo_student_3_10_seed_demo_exam_1_seed_demo_question_1_4', 'seed_demo_submission_seed_demo_student_3_10_seed_demo_exam_1', 'seed_demo_question_1_4', 'seed_demo_question_1_4_choice_d', NULL, 1),
('seed_demo_answer_seed_demo_submission_seed_demo_student_3_10_seed_demo_exam_1_seed_demo_question_1_5', 'seed_demo_submission_seed_demo_student_3_10_seed_demo_exam_1', 'seed_demo_question_1_5', 'seed_demo_question_1_5_choice_a', NULL, 1),
('seed_demo_answer_seed_demo_submission_seed_demo_student_3_10_seed_demo_exam_1_seed_demo_question_1_6', 'seed_demo_submission_seed_demo_student_3_10_seed_demo_exam_1', 'seed_demo_question_1_6', 'seed_demo_question_1_6_choice_a', NULL, 0),
('seed_demo_answer_seed_demo_submission_seed_demo_student_3_10_seed_demo_exam_2_seed_demo_question_2_1', 'seed_demo_submission_seed_demo_student_3_10_seed_demo_exam_2', 'seed_demo_question_2_1', 'seed_demo_question_2_1_choice_b', NULL, 1),
('seed_demo_answer_seed_demo_submission_seed_demo_student_3_10_seed_demo_exam_2_seed_demo_question_2_2', 'seed_demo_submission_seed_demo_student_3_10_seed_demo_exam_2', 'seed_demo_question_2_2', 'seed_demo_question_2_2_choice_c', NULL, 1),
('seed_demo_answer_seed_demo_submission_seed_demo_student_3_10_seed_demo_exam_2_seed_demo_question_2_3', 'seed_demo_submission_seed_demo_student_3_10_seed_demo_exam_2', 'seed_demo_question_2_3', 'seed_demo_question_2_3_choice_d', NULL, 1),
('seed_demo_answer_seed_demo_submission_seed_demo_student_3_10_seed_demo_exam_2_seed_demo_question_2_4', 'seed_demo_submission_seed_demo_student_3_10_seed_demo_exam_2', 'seed_demo_question_2_4', 'seed_demo_question_2_4_choice_a', NULL, 1),
('seed_demo_answer_seed_demo_submission_seed_demo_student_3_10_seed_demo_exam_2_seed_demo_question_2_5', 'seed_demo_submission_seed_demo_student_3_10_seed_demo_exam_2', 'seed_demo_question_2_5', 'seed_demo_question_2_5_choice_b', NULL, 1),
('seed_demo_answer_seed_demo_submission_seed_demo_student_3_10_seed_demo_exam_2_seed_demo_question_2_6', 'seed_demo_submission_seed_demo_student_3_10_seed_demo_exam_2', 'seed_demo_question_2_6', 'seed_demo_question_2_6_choice_d', NULL, 0),
('seed_demo_answer_seed_demo_submission_seed_demo_student_3_10_seed_demo_exam_3_seed_demo_question_3_1', 'seed_demo_submission_seed_demo_student_3_10_seed_demo_exam_3', 'seed_demo_question_3_1', 'seed_demo_question_3_1_choice_c', NULL, 1),
('seed_demo_answer_seed_demo_submission_seed_demo_student_3_10_seed_demo_exam_3_seed_demo_question_3_2', 'seed_demo_submission_seed_demo_student_3_10_seed_demo_exam_3', 'seed_demo_question_3_2', 'seed_demo_question_3_2_choice_d', NULL, 1),
('seed_demo_answer_seed_demo_submission_seed_demo_student_3_10_seed_demo_exam_3_seed_demo_question_3_3', 'seed_demo_submission_seed_demo_student_3_10_seed_demo_exam_3', 'seed_demo_question_3_3', 'seed_demo_question_3_3_choice_a', NULL, 1),
('seed_demo_answer_seed_demo_submission_seed_demo_student_3_10_seed_demo_exam_3_seed_demo_question_3_4', 'seed_demo_submission_seed_demo_student_3_10_seed_demo_exam_3', 'seed_demo_question_3_4', 'seed_demo_question_3_4_choice_b', NULL, 1),
('seed_demo_answer_seed_demo_submission_seed_demo_student_3_10_seed_demo_exam_3_seed_demo_question_3_5', 'seed_demo_submission_seed_demo_student_3_10_seed_demo_exam_3', 'seed_demo_question_3_5', 'seed_demo_question_3_5_choice_c', NULL, 1),
('seed_demo_answer_seed_demo_submission_seed_demo_student_3_10_seed_demo_exam_3_seed_demo_question_3_6', 'seed_demo_submission_seed_demo_student_3_10_seed_demo_exam_3', 'seed_demo_question_3_6', 'seed_demo_question_3_6_choice_b', NULL, 0),
('seed_demo_answer_seed_demo_submission_seed_demo_student_3_10_seed_demo_exam_4_seed_demo_question_4_1', 'seed_demo_submission_seed_demo_student_3_10_seed_demo_exam_4', 'seed_demo_question_4_1', 'seed_demo_question_4_1_choice_a', NULL, 0),
('seed_demo_answer_seed_demo_submission_seed_demo_student_3_10_seed_demo_exam_4_seed_demo_question_4_2', 'seed_demo_submission_seed_demo_student_3_10_seed_demo_exam_4', 'seed_demo_question_4_2', 'seed_demo_question_4_2_choice_c', NULL, 0),
('seed_demo_answer_seed_demo_submission_seed_demo_student_3_10_seed_demo_exam_4_seed_demo_question_4_3', 'seed_demo_submission_seed_demo_student_3_10_seed_demo_exam_4', 'seed_demo_question_4_3', 'seed_demo_question_4_3_choice_a', NULL, 0),
('seed_demo_answer_seed_demo_submission_seed_demo_student_3_10_seed_demo_exam_4_seed_demo_question_4_4', 'seed_demo_submission_seed_demo_student_3_10_seed_demo_exam_4', 'seed_demo_question_4_4', 'seed_demo_question_4_4_choice_d', NULL, 0),
('seed_demo_answer_seed_demo_submission_seed_demo_student_3_10_seed_demo_exam_4_seed_demo_question_4_5', 'seed_demo_submission_seed_demo_student_3_10_seed_demo_exam_4', 'seed_demo_question_4_5', 'seed_demo_question_4_5_choice_b', NULL, 0),
('seed_demo_answer_seed_demo_submission_seed_demo_student_3_10_seed_demo_exam_4_seed_demo_question_4_6', 'seed_demo_submission_seed_demo_student_3_10_seed_demo_exam_4', 'seed_demo_question_4_6', 'seed_demo_question_4_6_choice_a', NULL, 1),
('seed_demo_answer_seed_demo_submission_seed_demo_student_3_10_seed_demo_exam_5_seed_demo_question_5_1', 'seed_demo_submission_seed_demo_student_3_10_seed_demo_exam_5', 'seed_demo_question_5_1', 'seed_demo_question_5_1_choice_c', NULL, 0),
('seed_demo_answer_seed_demo_submission_seed_demo_student_3_10_seed_demo_exam_5_seed_demo_question_5_2', 'seed_demo_submission_seed_demo_student_3_10_seed_demo_exam_5', 'seed_demo_question_5_2', 'seed_demo_question_5_2_choice_a', NULL, 0),
('seed_demo_answer_seed_demo_submission_seed_demo_student_3_10_seed_demo_exam_5_seed_demo_question_5_3', 'seed_demo_submission_seed_demo_student_3_10_seed_demo_exam_5', 'seed_demo_question_5_3', 'seed_demo_question_5_3_choice_d', NULL, 0),
('seed_demo_answer_seed_demo_submission_seed_demo_student_3_10_seed_demo_exam_5_seed_demo_question_5_4', 'seed_demo_submission_seed_demo_student_3_10_seed_demo_exam_5', 'seed_demo_question_5_4', 'seed_demo_question_5_4_choice_d', NULL, 1),
('seed_demo_answer_seed_demo_submission_seed_demo_student_3_10_seed_demo_exam_5_seed_demo_question_5_5', 'seed_demo_submission_seed_demo_student_3_10_seed_demo_exam_5', 'seed_demo_question_5_5', 'seed_demo_question_5_5_choice_a', NULL, 1),
('seed_demo_answer_seed_demo_submission_seed_demo_student_3_10_seed_demo_exam_5_seed_demo_question_5_6', 'seed_demo_submission_seed_demo_student_3_10_seed_demo_exam_5', 'seed_demo_question_5_6', 'seed_demo_question_5_6_choice_b', NULL, 1),
('seed_demo_answer_seed_demo_submission_seed_demo_student_3_11_seed_demo_exam_1_seed_demo_question_1_1', 'seed_demo_submission_seed_demo_student_3_11_seed_demo_exam_1', 'seed_demo_question_1_1', 'seed_demo_question_1_1_choice_a', NULL, 1),
('seed_demo_answer_seed_demo_submission_seed_demo_student_3_11_seed_demo_exam_1_seed_demo_question_1_2', 'seed_demo_submission_seed_demo_student_3_11_seed_demo_exam_1', 'seed_demo_question_1_2', 'seed_demo_question_1_2_choice_b', NULL, 1),
('seed_demo_answer_seed_demo_submission_seed_demo_student_3_11_seed_demo_exam_1_seed_demo_question_1_3', 'seed_demo_submission_seed_demo_student_3_11_seed_demo_exam_1', 'seed_demo_question_1_3', 'seed_demo_question_1_3_choice_c', NULL, 1),
('seed_demo_answer_seed_demo_submission_seed_demo_student_3_11_seed_demo_exam_1_seed_demo_question_1_4', 'seed_demo_submission_seed_demo_student_3_11_seed_demo_exam_1', 'seed_demo_question_1_4', 'seed_demo_question_1_4_choice_d', NULL, 1),
('seed_demo_answer_seed_demo_submission_seed_demo_student_3_11_seed_demo_exam_1_seed_demo_question_1_5', 'seed_demo_submission_seed_demo_student_3_11_seed_demo_exam_1', 'seed_demo_question_1_5', 'seed_demo_question_1_5_choice_a', NULL, 1),
('seed_demo_answer_seed_demo_submission_seed_demo_student_3_11_seed_demo_exam_1_seed_demo_question_1_6', 'seed_demo_submission_seed_demo_student_3_11_seed_demo_exam_1', 'seed_demo_question_1_6', 'seed_demo_question_1_6_choice_c', NULL, 0),
('seed_demo_answer_seed_demo_submission_seed_demo_student_3_11_seed_demo_exam_2_seed_demo_question_2_1', 'seed_demo_submission_seed_demo_student_3_11_seed_demo_exam_2', 'seed_demo_question_2_1', 'seed_demo_question_2_1_choice_b', NULL, 1),
('seed_demo_answer_seed_demo_submission_seed_demo_student_3_11_seed_demo_exam_2_seed_demo_question_2_2', 'seed_demo_submission_seed_demo_student_3_11_seed_demo_exam_2', 'seed_demo_question_2_2', 'seed_demo_question_2_2_choice_c', NULL, 1),
('seed_demo_answer_seed_demo_submission_seed_demo_student_3_11_seed_demo_exam_2_seed_demo_question_2_3', 'seed_demo_submission_seed_demo_student_3_11_seed_demo_exam_2', 'seed_demo_question_2_3', 'seed_demo_question_2_3_choice_d', NULL, 1),
('seed_demo_answer_seed_demo_submission_seed_demo_student_3_11_seed_demo_exam_2_seed_demo_question_2_4', 'seed_demo_submission_seed_demo_student_3_11_seed_demo_exam_2', 'seed_demo_question_2_4', 'seed_demo_question_2_4_choice_a', NULL, 1),
('seed_demo_answer_seed_demo_submission_seed_demo_student_3_11_seed_demo_exam_2_seed_demo_question_2_5', 'seed_demo_submission_seed_demo_student_3_11_seed_demo_exam_2', 'seed_demo_question_2_5', 'seed_demo_question_2_5_choice_c', NULL, 0),
('seed_demo_answer_seed_demo_submission_seed_demo_student_3_11_seed_demo_exam_2_seed_demo_question_2_6', 'seed_demo_submission_seed_demo_student_3_11_seed_demo_exam_2', 'seed_demo_question_2_6', 'seed_demo_question_2_6_choice_a', NULL, 0),
('seed_demo_answer_seed_demo_submission_seed_demo_student_3_11_seed_demo_exam_3_seed_demo_question_3_1', 'seed_demo_submission_seed_demo_student_3_11_seed_demo_exam_3', 'seed_demo_question_3_1', 'seed_demo_question_3_1_choice_d', NULL, 0),
('seed_demo_answer_seed_demo_submission_seed_demo_student_3_11_seed_demo_exam_3_seed_demo_question_3_2', 'seed_demo_submission_seed_demo_student_3_11_seed_demo_exam_3', 'seed_demo_question_3_2', 'seed_demo_question_3_2_choice_b', NULL, 0),
('seed_demo_answer_seed_demo_submission_seed_demo_student_3_11_seed_demo_exam_3_seed_demo_question_3_3', 'seed_demo_submission_seed_demo_student_3_11_seed_demo_exam_3', 'seed_demo_question_3_3', 'seed_demo_question_3_3_choice_d', NULL, 0),
('seed_demo_answer_seed_demo_submission_seed_demo_student_3_11_seed_demo_exam_3_seed_demo_question_3_4', 'seed_demo_submission_seed_demo_student_3_11_seed_demo_exam_3', 'seed_demo_question_3_4', 'seed_demo_question_3_4_choice_c', NULL, 0),
('seed_demo_answer_seed_demo_submission_seed_demo_student_3_11_seed_demo_exam_3_seed_demo_question_3_5', 'seed_demo_submission_seed_demo_student_3_11_seed_demo_exam_3', 'seed_demo_question_3_5', 'seed_demo_question_3_5_choice_c', NULL, 1),
('seed_demo_answer_seed_demo_submission_seed_demo_student_3_11_seed_demo_exam_3_seed_demo_question_3_6', 'seed_demo_submission_seed_demo_student_3_11_seed_demo_exam_3', 'seed_demo_question_3_6', 'seed_demo_question_3_6_choice_d', NULL, 1),
('seed_demo_answer_seed_demo_submission_seed_demo_student_3_11_seed_demo_exam_4_seed_demo_question_4_1', 'seed_demo_submission_seed_demo_student_3_11_seed_demo_exam_4', 'seed_demo_question_4_1', 'seed_demo_question_4_1_choice_b', NULL, 0),
('seed_demo_answer_seed_demo_submission_seed_demo_student_3_11_seed_demo_exam_4_seed_demo_question_4_2', 'seed_demo_submission_seed_demo_student_3_11_seed_demo_exam_4', 'seed_demo_question_4_2', 'seed_demo_question_4_2_choice_d', NULL, 0);

INSERT INTO student_exam_answers (id, submissionId, questionId, selectedChoiceId, answerText, isCorrect) VALUES
('seed_demo_answer_seed_demo_submission_seed_demo_student_3_11_seed_demo_exam_4_seed_demo_question_4_3', 'seed_demo_submission_seed_demo_student_3_11_seed_demo_exam_4', 'seed_demo_question_4_3', 'seed_demo_question_4_3_choice_b', NULL, 1),
('seed_demo_answer_seed_demo_submission_seed_demo_student_3_11_seed_demo_exam_4_seed_demo_question_4_4', 'seed_demo_submission_seed_demo_student_3_11_seed_demo_exam_4', 'seed_demo_question_4_4', 'seed_demo_question_4_4_choice_c', NULL, 1),
('seed_demo_answer_seed_demo_submission_seed_demo_student_3_11_seed_demo_exam_4_seed_demo_question_4_5', 'seed_demo_submission_seed_demo_student_3_11_seed_demo_exam_4', 'seed_demo_question_4_5', 'seed_demo_question_4_5_choice_d', NULL, 1),
('seed_demo_answer_seed_demo_submission_seed_demo_student_3_11_seed_demo_exam_4_seed_demo_question_4_6', 'seed_demo_submission_seed_demo_student_3_11_seed_demo_exam_4', 'seed_demo_question_4_6', 'seed_demo_question_4_6_choice_a', NULL, 1),
('seed_demo_answer_seed_demo_submission_seed_demo_student_3_11_seed_demo_exam_5_seed_demo_question_5_1', 'seed_demo_submission_seed_demo_student_3_11_seed_demo_exam_5', 'seed_demo_question_5_1', 'seed_demo_question_5_1_choice_a', NULL, 1),
('seed_demo_answer_seed_demo_submission_seed_demo_student_3_11_seed_demo_exam_5_seed_demo_question_5_2', 'seed_demo_submission_seed_demo_student_3_11_seed_demo_exam_5', 'seed_demo_question_5_2', 'seed_demo_question_5_2_choice_b', NULL, 1),
('seed_demo_answer_seed_demo_submission_seed_demo_student_3_11_seed_demo_exam_5_seed_demo_question_5_3', 'seed_demo_submission_seed_demo_student_3_11_seed_demo_exam_5', 'seed_demo_question_5_3', 'seed_demo_question_5_3_choice_c', NULL, 1),
('seed_demo_answer_seed_demo_submission_seed_demo_student_3_11_seed_demo_exam_5_seed_demo_question_5_4', 'seed_demo_submission_seed_demo_student_3_11_seed_demo_exam_5', 'seed_demo_question_5_4', 'seed_demo_question_5_4_choice_d', NULL, 1),
('seed_demo_answer_seed_demo_submission_seed_demo_student_3_11_seed_demo_exam_5_seed_demo_question_5_5', 'seed_demo_submission_seed_demo_student_3_11_seed_demo_exam_5', 'seed_demo_question_5_5', 'seed_demo_question_5_5_choice_a', NULL, 1),
('seed_demo_answer_seed_demo_submission_seed_demo_student_3_11_seed_demo_exam_5_seed_demo_question_5_6', 'seed_demo_submission_seed_demo_student_3_11_seed_demo_exam_5', 'seed_demo_question_5_6', 'seed_demo_question_5_6_choice_b', NULL, 1),
('seed_demo_answer_seed_demo_submission_seed_demo_student_3_12_seed_demo_exam_1_seed_demo_question_1_1', 'seed_demo_submission_seed_demo_student_3_12_seed_demo_exam_1', 'seed_demo_question_1_1', 'seed_demo_question_1_1_choice_a', NULL, 1),
('seed_demo_answer_seed_demo_submission_seed_demo_student_3_12_seed_demo_exam_1_seed_demo_question_1_2', 'seed_demo_submission_seed_demo_student_3_12_seed_demo_exam_1', 'seed_demo_question_1_2', 'seed_demo_question_1_2_choice_b', NULL, 1),
('seed_demo_answer_seed_demo_submission_seed_demo_student_3_12_seed_demo_exam_1_seed_demo_question_1_3', 'seed_demo_submission_seed_demo_student_3_12_seed_demo_exam_1', 'seed_demo_question_1_3', 'seed_demo_question_1_3_choice_c', NULL, 1),
('seed_demo_answer_seed_demo_submission_seed_demo_student_3_12_seed_demo_exam_1_seed_demo_question_1_4', 'seed_demo_submission_seed_demo_student_3_12_seed_demo_exam_1', 'seed_demo_question_1_4', 'seed_demo_question_1_4_choice_d', NULL, 1),
('seed_demo_answer_seed_demo_submission_seed_demo_student_3_12_seed_demo_exam_1_seed_demo_question_1_5', 'seed_demo_submission_seed_demo_student_3_12_seed_demo_exam_1', 'seed_demo_question_1_5', 'seed_demo_question_1_5_choice_b', NULL, 0),
('seed_demo_answer_seed_demo_submission_seed_demo_student_3_12_seed_demo_exam_1_seed_demo_question_1_6', 'seed_demo_submission_seed_demo_student_3_12_seed_demo_exam_1', 'seed_demo_question_1_6', 'seed_demo_question_1_6_choice_b', NULL, 1),
('seed_demo_answer_seed_demo_submission_seed_demo_student_3_12_seed_demo_exam_2_seed_demo_question_2_1', 'seed_demo_submission_seed_demo_student_3_12_seed_demo_exam_2', 'seed_demo_question_2_1', 'seed_demo_question_2_1_choice_c', NULL, 0),
('seed_demo_answer_seed_demo_submission_seed_demo_student_3_12_seed_demo_exam_2_seed_demo_question_2_2', 'seed_demo_submission_seed_demo_student_3_12_seed_demo_exam_2', 'seed_demo_question_2_2', 'seed_demo_question_2_2_choice_a', NULL, 0),
('seed_demo_answer_seed_demo_submission_seed_demo_student_3_12_seed_demo_exam_2_seed_demo_question_2_3', 'seed_demo_submission_seed_demo_student_3_12_seed_demo_exam_2', 'seed_demo_question_2_3', 'seed_demo_question_2_3_choice_c', NULL, 0),
('seed_demo_answer_seed_demo_submission_seed_demo_student_3_12_seed_demo_exam_2_seed_demo_question_2_4', 'seed_demo_submission_seed_demo_student_3_12_seed_demo_exam_2', 'seed_demo_question_2_4', 'seed_demo_question_2_4_choice_a', NULL, 1),
('seed_demo_answer_seed_demo_submission_seed_demo_student_3_12_seed_demo_exam_2_seed_demo_question_2_5', 'seed_demo_submission_seed_demo_student_3_12_seed_demo_exam_2', 'seed_demo_question_2_5', 'seed_demo_question_2_5_choice_b', NULL, 1),
('seed_demo_answer_seed_demo_submission_seed_demo_student_3_12_seed_demo_exam_2_seed_demo_question_2_6', 'seed_demo_submission_seed_demo_student_3_12_seed_demo_exam_2', 'seed_demo_question_2_6', 'seed_demo_question_2_6_choice_c', NULL, 1),
('seed_demo_answer_seed_demo_submission_seed_demo_student_3_12_seed_demo_exam_3_seed_demo_question_3_1', 'seed_demo_submission_seed_demo_student_3_12_seed_demo_exam_3', 'seed_demo_question_3_1', 'seed_demo_question_3_1_choice_a', NULL, 0),
('seed_demo_answer_seed_demo_submission_seed_demo_student_3_12_seed_demo_exam_3_seed_demo_question_3_2', 'seed_demo_submission_seed_demo_student_3_12_seed_demo_exam_3', 'seed_demo_question_3_2', 'seed_demo_question_3_2_choice_c', NULL, 0),
('seed_demo_answer_seed_demo_submission_seed_demo_student_3_12_seed_demo_exam_3_seed_demo_question_3_3', 'seed_demo_submission_seed_demo_student_3_12_seed_demo_exam_3', 'seed_demo_question_3_3', 'seed_demo_question_3_3_choice_a', NULL, 1),
('seed_demo_answer_seed_demo_submission_seed_demo_student_3_12_seed_demo_exam_3_seed_demo_question_3_4', 'seed_demo_submission_seed_demo_student_3_12_seed_demo_exam_3', 'seed_demo_question_3_4', 'seed_demo_question_3_4_choice_b', NULL, 1),
('seed_demo_answer_seed_demo_submission_seed_demo_student_3_12_seed_demo_exam_3_seed_demo_question_3_5', 'seed_demo_submission_seed_demo_student_3_12_seed_demo_exam_3', 'seed_demo_question_3_5', 'seed_demo_question_3_5_choice_c', NULL, 1),
('seed_demo_answer_seed_demo_submission_seed_demo_student_3_12_seed_demo_exam_3_seed_demo_question_3_6', 'seed_demo_submission_seed_demo_student_3_12_seed_demo_exam_3', 'seed_demo_question_3_6', 'seed_demo_question_3_6_choice_d', NULL, 1),
('seed_demo_answer_seed_demo_submission_seed_demo_student_3_12_seed_demo_exam_4_seed_demo_question_4_1', 'seed_demo_submission_seed_demo_student_3_12_seed_demo_exam_4', 'seed_demo_question_4_1', 'seed_demo_question_4_1_choice_d', NULL, 1),
('seed_demo_answer_seed_demo_submission_seed_demo_student_3_12_seed_demo_exam_4_seed_demo_question_4_2', 'seed_demo_submission_seed_demo_student_3_12_seed_demo_exam_4', 'seed_demo_question_4_2', 'seed_demo_question_4_2_choice_a', NULL, 1),
('seed_demo_answer_seed_demo_submission_seed_demo_student_3_12_seed_demo_exam_4_seed_demo_question_4_3', 'seed_demo_submission_seed_demo_student_3_12_seed_demo_exam_4', 'seed_demo_question_4_3', 'seed_demo_question_4_3_choice_b', NULL, 1),
('seed_demo_answer_seed_demo_submission_seed_demo_student_3_12_seed_demo_exam_4_seed_demo_question_4_4', 'seed_demo_submission_seed_demo_student_3_12_seed_demo_exam_4', 'seed_demo_question_4_4', 'seed_demo_question_4_4_choice_c', NULL, 1),
('seed_demo_answer_seed_demo_submission_seed_demo_student_3_12_seed_demo_exam_4_seed_demo_question_4_5', 'seed_demo_submission_seed_demo_student_3_12_seed_demo_exam_4', 'seed_demo_question_4_5', 'seed_demo_question_4_5_choice_d', NULL, 1),
('seed_demo_answer_seed_demo_submission_seed_demo_student_3_12_seed_demo_exam_4_seed_demo_question_4_6', 'seed_demo_submission_seed_demo_student_3_12_seed_demo_exam_4', 'seed_demo_question_4_6', 'seed_demo_question_4_6_choice_a', NULL, 1),
('seed_demo_answer_seed_demo_submission_seed_demo_student_3_12_seed_demo_exam_5_seed_demo_question_5_1', 'seed_demo_submission_seed_demo_student_3_12_seed_demo_exam_5', 'seed_demo_question_5_1', 'seed_demo_question_5_1_choice_a', NULL, 1),
('seed_demo_answer_seed_demo_submission_seed_demo_student_3_12_seed_demo_exam_5_seed_demo_question_5_2', 'seed_demo_submission_seed_demo_student_3_12_seed_demo_exam_5', 'seed_demo_question_5_2', 'seed_demo_question_5_2_choice_b', NULL, 1),
('seed_demo_answer_seed_demo_submission_seed_demo_student_3_12_seed_demo_exam_5_seed_demo_question_5_3', 'seed_demo_submission_seed_demo_student_3_12_seed_demo_exam_5', 'seed_demo_question_5_3', 'seed_demo_question_5_3_choice_c', NULL, 1),
('seed_demo_answer_seed_demo_submission_seed_demo_student_3_12_seed_demo_exam_5_seed_demo_question_5_4', 'seed_demo_submission_seed_demo_student_3_12_seed_demo_exam_5', 'seed_demo_question_5_4', 'seed_demo_question_5_4_choice_d', NULL, 1),
('seed_demo_answer_seed_demo_submission_seed_demo_student_3_12_seed_demo_exam_5_seed_demo_question_5_5', 'seed_demo_submission_seed_demo_student_3_12_seed_demo_exam_5', 'seed_demo_question_5_5', 'seed_demo_question_5_5_choice_a', NULL, 1),
('seed_demo_answer_seed_demo_submission_seed_demo_student_3_12_seed_demo_exam_5_seed_demo_question_5_6', 'seed_demo_submission_seed_demo_student_3_12_seed_demo_exam_5', 'seed_demo_question_5_6', 'seed_demo_question_5_6_choice_b', NULL, 1);